Timestamp,From Bank,Account,To Bank,Account.1,Amount Received,Receiving Currency,Amount Paid,Payment Currency,Payment Format,Is Laundering
2024/02/21 17:58,UBS,6988,Citibank,8003,4327.43,USD,4327.43,USD,ACH,1
2024/03/15 07:20,UBS,5974,BNP,7573,1819.54,USD,1819.54,USD,ACH,0
2024/01/10 09:51,Chase,4103,HSBC,4585,10845.28,USD,10845.28,USD,Bitcoin,0
2024/03/07 17:00,Wells,1763,Chase,7129,10924.67,EUR,10924.67,EUR,Credit Card,0
2024/03/22 04:51,UBS,2717,Wells,1055,50.0,USD,50.0,USD,ACH,0
2024/03/16 12:47,Chase,5473,Citibank,4622,7779.68,GBP,7779.68,GBP,ACH,0
2024/03/04 19:49,BNP,3002,Barclays,3463,4272.51,USD,4272.51,USD,Bitcoin,0
2024/02/12 22:42,Wells,4567,HSBC,9832,2653.77,USD,2653.77,USD,Credit Card,0
2024/03/19 05:51,HSBC,9497,UBS,4576,1852.11,USD,1852.11,USD,Bitcoin,0
2024/01/05 15:04,Deutsche,4563,HSBC,3558,11292.53,USD,11292.53,USD,Cheque,0
2024/01/12 06:31,Citibank,9385,Chase,6009,50.0,GBP,50.0,GBP,Wire,0
2024/01/19 20:03,BNP,8482,Wells,2241,4631.97,USD,4631.97,USD,Wire,0
2024/03/22 06:21,Chase,2301,Deutsche,9389,4026.21,USD,4026.21,USD,ACH,0
2024/03/26 02:51,UBS,5009,BNP,9965,9023.35,GBP,9023.35,GBP,ACH,0
2024/01/15 19:25,Wells,2791,Chase,2388,50.0,USD,50.0,USD,Wire,0
2024/03/30 14:21,Barclays,6057,Deutsche,8162,1275.79,USD,1275.79,USD,Wire,0
2024/01/12 10:26,Barclays,8607,UBS,4277,8442.13,USD,8442.13,USD,ACH,0
2024/03/18 14:27,Citibank,3475,Deutsche,7172,4436.02,USD,4436.02,USD,Cheque,0
2024/03/26 20:19,Citibank,5936,Citibank,6665,3396.59,USD,3396.59,USD,ACH,0
2024/02/21 21:44,Citibank,6433,Citibank,8003,5862.93,USD,5862.93,USD,ACH,1
2024/03/18 12:36,Deutsche,3741,Deutsche,8791,50.0,USD,50.0,USD,ACH,0
2024/02/11 12:46,Barclays,6741,HSBC,1417,2641.14,USD,2641.14,USD,ACH,0
2024/02/28 06:45,Chase,9001,Wells,3327,5107.28,USD,5107.28,USD,Credit Card,1
2024/01/10 15:26,Chase,3546,BNP,5093,6061.25,EUR,6061.25,EUR,Wire,0
2024/01/20 08:05,Deutsche,7006,Wells,7007,10492.11,USD,10492.11,USD,Wire,1
2024/03/08 07:51,Citibank,6306,UBS,3470,3084.27,USD,3084.27,USD,ACH,0
2024/02/29 00:42,BNP,8644,BNP,5087,3090.29,EUR,3090.29,EUR,ACH,0
2024/02/10 09:33,Barclays,6946,Barclays,7840,7530.03,USD,7530.03,USD,ACH,0
2024/02/01 01:35,Wells,3139,Chase,4911,12615.45,USD,12615.45,USD,Wire,0
2024/02/26 17:25,Barclays,5914,Deutsche,1773,1187.14,USD,1187.14,USD,Cheque,0
2024/03/28 07:09,UBS,5658,BNP,2028,7763.99,GBP,7763.99,GBP,ACH,0
2024/01/24 05:08,BNP,6901,Deutsche,1314,4690.13,USD,4690.13,USD,Cheque,0
2024/02/05 21:51,HSBC,4589,UBS,7982,4481.2,USD,4481.2,USD,ACH,0
2024/01/28 18:11,HSBC,5603,BNP,6969,4295.6,USD,4295.6,USD,Bitcoin,0
2024/03/31 22:43,UBS,7845,Barclays,2884,5466.39,EUR,5466.39,EUR,Wire,0
2024/03/22 15:41,Citibank,6361,Wells,4413,1740.39,USD,1740.39,USD,Wire,0
2024/03/26 06:16,Chase,6037,Deutsche,6883,10154.71,USD,10154.71,USD,Wire,0
2024/01/10 00:33,Chase,3916,Barclays,3713,6610.45,USD,6610.45,USD,Cheque,0
2024/03/31 06:36,UBS,9871,BNP,6745,3437.8,USD,3437.8,USD,Wire,0
2024/01/10 06:32,HSBC,4175,Citibank,7673,2352.26,USD,2352.26,USD,Cheque,0
2024/03/02 02:47,Deutsche,8757,Chase,3548,7670.08,USD,7670.08,USD,Cheque,0
2024/01/22 01:02,Wells,7007,BNP,7004,49881.39,USD,49881.39,USD,Wire,1
2024/01/16 13:53,Wells,4623,Barclays,3899,11134.47,USD,11134.47,USD,Cheque,0
2024/02/15 21:20,UBS,8234,HSBC,7712,1361.33,USD,1361.33,USD,Wire,0
2024/03/29 16:06,BNP,3642,Deutsche,3764,5016.62,USD,5016.62,USD,ACH,0
2024/01/12 17:47,HSBC,7446,BNP,7076,2115.3,USD,2115.3,USD,Cheque,0
2024/03/26 11:47,BNP,5978,HSBC,3966,2833.63,USD,2833.63,USD,Cheque,0
2024/01/18 05:51,Deutsche,8708,HSBC,6141,12343.41,USD,12343.41,USD,ACH,0
2024/02/07 10:52,UBS,1719,UBS,2546,8285.46,EUR,8285.46,EUR,Wire,0
2024/03/16 22:59,Deutsche,4953,Wells,1394,6149.51,USD,6149.51,USD,Wire,0
2024/02/17 08:40,BNP,2876,Wells,4334,50.0,GBP,50.0,GBP,Cheque,0
2024/01/25 07:08,Chase,4080,Wells,8355,4064.76,USD,4064.76,USD,ACH,0
2024/03/02 22:01,BNP,4818,HSBC,4072,4391.69,USD,4391.69,USD,Cheque,0
2024/03/08 13:12,Wells,1449,BNP,5981,9237.82,USD,9237.82,USD,Wire,0
2024/03/21 17:57,Wells,5056,Deutsche,8123,10117.82,USD,10117.82,USD,ACH,0
2024/01/12 06:03,Wells,5828,Barclays,4716,809.38,USD,809.38,USD,Cheque,0
2024/02/21 01:42,Chase,5403,Chase,6984,4909.93,USD,4909.93,USD,Wire,0
2024/03/26 04:35,BNP,1538,Citibank,2432,6644.26,USD,6644.26,USD,Bitcoin,0
2024/01/11 19:41,Deutsche,4794,Chase,1151,9842.74,USD,9842.74,USD,Cheque,0
2024/01/09 02:04,HSBC,9388,Citibank,7988,50.0,USD,50.0,USD,Bitcoin,0
2024/03/18 10:19,BNP,2116,Deutsche,8895,3006.99,EUR,3006.99,EUR,Wire,0
2024/03/07 21:30,Deutsche,1659,Citibank,4294,6136.63,GBP,6136.63,GBP,Cheque,0
2024/03/31 00:20,Barclays,9237,Chase,6508,5668.7,USD,5668.7,USD,Wire,0
2024/01/30 03:52,Chase,6873,HSBC,3029,1003.56,USD,1003.56,USD,Wire,0
2024/02/23 08:41,HSBC,9002,Citibank,1904,14071.04,USD,14071.04,USD,Credit Card,1
2024/02/20 14:30,BNP,4324,Citibank,8003,2814.32,USD,2814.32,USD,Cash,1
2024/03/26 04:23,Citibank,3922,BNP,4868,9578.91,GBP,9578.91,GBP,Credit Card,0
2024/02/08 16:08,HSBC,6892,Deutsche,8728,5354.03,EUR,5354.03,EUR,Cheque,0
2024/02/10 09:08,Citibank,3960,Deutsche,8584,4996.49,USD,4996.49,USD,Wire,0
2024/01/07 23:30,HSBC,7781,Chase,9404,9371.81,USD,9371.81,USD,Cash,0
2024/01/08 13:50,Citibank,8168,UBS,6906,5616.98,USD,5616.98,USD,Wire,0
2024/02/20 16:20,Chase,5485,HSBC,3376,10984.24,EUR,10984.24,EUR,ACH,0
2024/01/25 15:42,Chase,1127,Barclays,6604,7054.86,USD,7054.86,USD,Cheque,0
2024/03/12 22:57,Citibank,4308,HSBC,3333,4091.22,USD,4091.22,USD,Wire,0
2024/02/03 21:44,Citibank,8904,HSBC,8502,6983.83,USD,6983.83,USD,Wire,0
2024/01/23 01:34,Deutsche,3317,Citibank,6935,5403.86,USD,5403.86,USD,ACH,0
2024/01/16 15:58,Barclays,5667,HSBC,1694,967.08,USD,967.08,USD,ACH,0
2024/03/17 08:49,HSBC,6402,Barclays,4632,5448.45,USD,5448.45,USD,Wire,0
2024/01/01 10:21,Wells,1730,Wells,8578,3305.59,USD,3305.59,USD,ACH,0
2024/03/02 14:38,UBS,1044,Barclays,8001,7901.93,USD,7901.93,USD,ACH,1
2024/01/23 00:19,Barclays,1235,Chase,6021,5444.67,USD,5444.67,USD,ACH,0
2024/03/30 21:42,Citibank,9656,Wells,2605,719.92,USD,719.92,USD,Cheque,0
2024/01/20 13:14,BNP,8393,Deutsche,3206,1292.76,USD,1292.76,USD,Wire,0
2024/02/22 06:06,BNP,4659,Deutsche,7911,1576.35,USD,1576.35,USD,ACH,0
2024/03/15 11:03,Deutsche,4446,Wells,6390,61.3,USD,61.3,USD,Cheque,0
2024/02/21 10:07,Chase,1557,Chase,7519,5387.13,USD,5387.13,USD,Wire,0
2024/02/13 06:37,UBS,1876,Barclays,8756,8464.66,USD,8464.66,USD,Cheque,0
2024/01/24 01:59,Citibank,7411,Deutsche,3716,6674.35,USD,6674.35,USD,Wire,0
2024/01/05 07:46,BNP,1063,HSBC,1160,6594.76,USD,6594.76,USD,Wire,0
2024/02/26 23:57,HSBC,8183,Chase,3909,3037.18,USD,3037.18,USD,Wire,0
2024/01/18 03:37,Wells,4936,Wells,8306,4297.14,USD,4297.14,USD,Cheque,0
2024/01/11 05:00,Deutsche,8740,Chase,3553,3785.43,USD,3785.43,USD,ACH,0
2024/02/18 04:30,HSBC,5480,Chase,2130,5982.8,USD,5982.8,USD,Wire,0
2024/01/21 23:31,Chase,7111,HSBC,4994,10926.03,USD,10926.03,USD,Credit Card,0
2024/02/25 05:58,Deutsche,6554,Barclays,8005,4802.11,USD,4802.11,USD,Cash,1
2024/02/01 08:56,Citibank,2595,Deutsche,8002,9268.82,USD,9268.82,USD,ACH,1
2024/02/23 13:30,Barclays,8519,Wells,1425,7814.0,EUR,7814.0,EUR,ACH,0
2024/02/03 20:30,HSBC,4563,Barclays,7492,4134.34,USD,4134.34,USD,Wire,0
2024/03/14 19:07,BNP,1746,BNP,7676,6986.44,USD,6986.44,USD,ACH,0
2024/01/24 07:40,Wells,7007,BNP,7004,13617.63,USD,13617.63,USD,Wire,1
2024/03/19 07:36,Deutsche,5330,Citibank,6168,6301.31,USD,6301.31,USD,ACH,0
2024/01/22 05:14,HSBC,6060,Deutsche,2514,5011.12,EUR,5011.12,EUR,ACH,0
2024/03/11 15:40,Barclays,9891,Citibank,9474,8861.51,USD,8861.51,USD,Wire,0
2024/01/30 05:14,Wells,2889,HSBC,8609,11211.2,USD,11211.2,USD,ACH,0
2024/03/27 10:38,UBS,8081,Citibank,6305,50.0,EUR,50.0,EUR,Wire,0
2024/03/22 09:07,UBS,7522,Citibank,5924,8616.62,EUR,8616.62,EUR,Wire,0
2024/02/12 15:00,Citibank,6512,Barclays,6300,6898.52,USD,6898.52,USD,ACH,0
2024/02/29 09:58,Wells,7098,BNP,8560,2791.21,USD,2791.21,USD,Wire,0
2024/02/01 06:53,Deutsche,2980,BNP,8149,6179.42,USD,6179.42,USD,Wire,0
2024/03/12 05:58,Barclays,2619,Chase,6831,6365.61,USD,6365.61,USD,Wire,0
2024/01/07 12:42,Deutsche,5383,UBS,1642,8445.49,USD,8445.49,USD,Wire,0
2024/03/19 13:20,Wells,2372,Chase,8191,2127.82,USD,2127.82,USD,Wire,0
2024/01/03 09:39,Barclays,7172,UBS,2676,6840.76,USD,6840.76,USD,Credit Card,0
2024/02/25 14:47,Chase,5971,Barclays,1203,11213.25,EUR,11213.25,EUR,Wire,0
2024/01/15 23:02,Wells,6143,Deutsche,7123,8396.95,EUR,8396.95,EUR,ACH,0
2024/03/24 14:37,Barclays,6556,Citibank,7842,5875.13,USD,5875.13,USD,Wire,0
2024/03/02 23:42,Wells,3549,Deutsche,1264,882.46,USD,882.46,USD,Cheque,0
2024/03/05 02:57,HSBC,5723,Citibank,3524,5389.35,USD,5389.35,USD,Wire,0
2024/01/18 03:17,UBS,4375,Deutsche,7512,8307.4,USD,8307.4,USD,Wire,0
2024/01/26 17:21,Chase,3655,Deutsche,6749,5855.62,USD,5855.62,USD,Cash,0
2024/02/02 11:09,Wells,1349,Deutsche,8002,4110.38,USD,4110.38,USD,ACH,1
2024/03/31 20:56,Deutsche,9919,BNP,5559,8193.41,USD,8193.41,USD,Wire,0
2024/03/26 05:16,Barclays,3499,BNP,8332,2942.88,USD,2942.88,USD,Cheque,0
2024/03/30 11:45,UBS,6879,Deutsche,5404,2355.12,USD,2355.12,USD,Wire,0
2024/01/14 12:17,Barclays,2162,UBS,4976,7692.08,GBP,7692.08,GBP,Wire,0
2024/01/04 15:34,BNP,4628,Chase,8855,8813.22,USD,8813.22,USD,Wire,0
2024/01/27 19:44,Barclays,5362,Citibank,8482,193.18,USD,193.18,USD,Cheque,0
2024/03/23 13:03,UBS,5168,Citibank,1350,6382.23,USD,6382.23,USD,Cheque,0
2024/03/04 14:57,Barclays,9321,HSBC,5019,5732.83,USD,5732.83,USD,Wire,0
2024/03/18 07:09,Chase,4060,Chase,5244,6512.62,USD,6512.62,USD,Wire,0
2024/02/24 16:57,BNP,2781,Barclays,8005,9116.43,USD,9116.43,USD,Cash,1
2024/02/16 06:14,Chase,4618,BNP,8004,5094.29,USD,5094.29,USD,Cash,1
2024/01/12 23:45,BNP,8948,BNP,2464,50.0,USD,50.0,USD,Cheque,0
2024/02/01 04:19,Wells,9140,Citibank,8785,5037.08,USD,5037.08,USD,Wire,0
2024/03/09 07:49,Wells,1347,BNP,9307,4832.19,GBP,4832.19,GBP,Wire,0
2024/02/04 22:33,Deutsche,8378,Deutsche,8782,108.03,USD,108.03,USD,Cheque,0
2024/02/27 05:44,Chase,9001,BNP,4605,8649.19,USD,8649.19,USD,ACH,1
2024/03/18 09:31,Citibank,7002,BNP,7003,41969.79,USD,41969.79,USD,Wire,1
2024/01/04 16:46,BNP,7213,Wells,8260,444.9,USD,444.9,USD,Cheque,0
2024/02/26 07:15,Chase,7923,HSBC,3853,7758.24,USD,7758.24,USD,Cheque,0
2024/02/08 02:24,Chase,1620,UBS,7186,50.0,GBP,50.0,GBP,Wire,0
2024/01/01 02:41,HSBC,8314,Citibank,1467,7781.75,USD,7781.75,USD,Wire,0
2024/02/05 03:45,Citibank,8033,BNP,5723,2103.63,USD,2103.63,USD,Wire,0
2024/03/09 05:09,BNP,1906,Barclays,5024,9317.23,USD,9317.23,USD,Wire,0
2024/03/14 14:46,Chase,4013,Chase,2445,50.0,EUR,50.0,EUR,Wire,0
2024/02/12 18:02,HSBC,8994,UBS,2361,376.78,USD,376.78,USD,Wire,0
2024/01/13 12:56,BNP,4071,Citibank,7132,6338.41,USD,6338.41,USD,ACH,0
2024/02/02 23:18,Citibank,8457,Barclays,2663,4900.62,USD,4900.62,USD,Cash,0
2024/02/23 05:40,Barclays,3695,UBS,8322,2858.01,USD,2858.01,USD,ACH,0
2024/02/06 12:33,UBS,6078,Deutsche,9632,8127.07,GBP,8127.07,GBP,ACH,0
2024/03/20 06:31,Chase,1281,HSBC,6759,10318.37,USD,10318.37,USD,ACH,0
2024/03/06 08:05,UBS,7126,UBS,7102,2923.74,USD,2923.74,USD,Cheque,0
2024/02/13 13:50,Deutsche,2288,Deutsche,2116,4000.63,GBP,4000.63,GBP,ACH,0
2024/01/19 23:05,BNP,1777,Chase,7160,5859.78,USD,5859.78,USD,Cheque,0
2024/01/11 02:37,Citibank,6033,Wells,5433,10312.39,USD,10312.39,USD,Wire,0
2024/03/05 13:50,Wells,3972,Barclays,5998,4400.44,USD,4400.44,USD,Wire,0
2024/03/13 15:01,BNP,6383,Barclays,3140,2317.15,USD,2317.15,USD,Cheque,0
2024/03/06 20:52,Barclays,5583,HSBC,7904,9124.72,USD,9124.72,USD,Credit Card,0
2024/02/22 09:30,HSBC,3633,BNP,2907,6527.35,USD,6527.35,USD,Cheque,0
2024/03/16 12:44,Chase,9664,BNP,9275,9256.72,USD,9256.72,USD,Wire,0
2024/01/24 01:06,Deutsche,7963,Chase,1810,7331.39,EUR,7331.39,EUR,Cheque,0
2024/01/30 01:01,HSBC,9080,BNP,5943,5817.66,USD,5817.66,USD,Cheque,0
2024/01/22 06:17,UBS,1348,Citibank,7083,6439.41,USD,6439.41,USD,Cheque,0
2024/01/24 10:16,Citibank,4212,BNP,9246,3456.2,USD,3456.2,USD,Cheque,0
2024/03/22 01:05,Deutsche,7013,Chase,7014,21123.02,USD,21123.02,USD,Wire,1
2024/01/01 11:57,UBS,4507,HSBC,8088,9865.77,GBP,9865.77,GBP,Wire,0
2024/02/01 15:48,Chase,5737,Chase,9297,8571.57,USD,8571.57,USD,Bitcoin,0
2024/03/16 05:18,Citibank,7957,Wells,3471,5071.59,GBP,5071.59,GBP,Wire,0
2024/03/30 13:01,UBS,9164,BNP,4519,6710.6,USD,6710.6,USD,Wire,0
2024/02/18 07:52,UBS,2146,Wells,8715,3892.36,GBP,3892.36,GBP,Wire,0
2024/01/14 02:17,Chase,7049,Citibank,5514,3320.19,GBP,3320.19,GBP,Wire,0
2024/03/08 07:44,Barclays,2949,Deutsche,9288,5732.73,USD,5732.73,USD,Wire,0
2024/03/18 02:35,Chase,7014,Chase,7015,49201.09,USD,49201.09,USD,Wire,1
2024/02/01 07:06,BNP,1568,Deutsche,8002,6380.73,USD,6380.73,USD,Cash,1
2024/02/04 21:11,Wells,6803,UBS,5954,2514.34,USD,2514.34,USD,Cash,0
2024/01/11 11:52,Deutsche,4050,HSBC,3442,50.0,USD,50.0,USD,Wire,0
2024/03/15 11:10,UBS,4153,BNP,5470,3957.71,USD,3957.71,USD,ACH,0
2024/02/12 14:59,Citibank,9584,HSBC,3188,3693.78,EUR,3693.78,EUR,Wire,0
2024/02/03 08:04,Deutsche,7568,Barclays,7207,7338.86,USD,7338.86,USD,ACH,0
2024/02/19 15:44,Deutsche,4801,UBS,4913,5232.92,EUR,5232.92,EUR,ACH,0
2024/01/06 09:55,Deutsche,3610,Wells,2404,3310.7,USD,3310.7,USD,ACH,0
2024/02/03 17:59,Citibank,1350,Deutsche,1310,9955.98,EUR,9955.98,EUR,Wire,0
2024/03/01 18:35,HSBC,4820,Barclays,8001,7118.72,USD,7118.72,USD,Cash,1
2024/02/29 11:19,Chase,1343,Deutsche,7822,5109.33,USD,5109.33,USD,Wire,0
2024/01/20 04:02,BNP,3196,UBS,4288,9124.25,EUR,9124.25,EUR,ACH,0
2024/03/05 15:09,Citibank,7858,BNP,7927,6976.73,USD,6976.73,USD,ACH,0
2024/02/23 11:41,HSBC,9002,Citibank,1504,13435.88,USD,13435.88,USD,Credit Card,1
2024/02/09 20:27,Barclays,5313,UBS,1990,4277.99,USD,4277.99,USD,Wire,0
2024/03/15 21:39,Citibank,7409,UBS,2633,4059.72,USD,4059.72,USD,ACH,0
2024/02/03 18:19,BNP,5601,Citibank,4488,2676.94,USD,2676.94,USD,Wire,0
2024/03/27 21:28,BNP,3147,UBS,5095,3343.92,USD,3343.92,USD,Cheque,0
2024/01/04 17:42,HSBC,5032,Deutsche,1632,10128.6,GBP,10128.6,GBP,ACH,0
2024/02/09 06:25,Deutsche,8932,Barclays,4978,10134.27,USD,10134.27,USD,ACH,0
2024/01/23 19:18,Barclays,1489,BNP,4993,3688.92,USD,3688.92,USD,Credit Card,0
2024/03/15 18:04,Wells,7369,UBS,6096,7461.8,USD,7461.8,USD,Bitcoin,0
2024/02/24 02:31,Deutsche,9706,Deutsche,9117,8485.2,USD,8485.2,USD,Cash,0
2024/03/23 10:54,Chase,4816,Chase,2751,7134.39,GBP,7134.39,GBP,Credit Card,0
2024/02/23 02:42,Barclays,8194,Wells,5291,2687.96,USD,2687.96,USD,Cheque,0
2024/02/07 04:06,BNP,1466,Deutsche,2853,3475.64,USD,3475.64,USD,Wire,0
2024/03/25 18:21,BNP,2573,BNP,1538,9714.18,USD,9714.18,USD,Cheque,0
2024/02/16 09:22,Deutsche,5590,BNP,8004,5980.77,USD,5980.77,USD,ACH,1
2024/03/24 01:03,HSBC,6437,Chase,9724,5513.34,EUR,5513.34,EUR,ACH,0
2024/01/20 23:21,UBS,2824,Wells,9976,2373.11,USD,2373.11,USD,Wire,0
2024/02/18 07:22,HSBC,7070,UBS,9911,6796.5,GBP,6796.5,GBP,Cheque,0
2024/01/16 01:25,UBS,1267,Barclays,4380,6312.35,EUR,6312.35,EUR,Cheque,0
2024/03/19 08:20,UBS,6580,BNP,7797,6804.65,USD,6804.65,USD,Wire,0
2024/02/03 22:45,Chase,8307,Wells,4274,4934.87,USD,4934.87,USD,Cheque,0
2024/03/03 23:17,Barclays,1813,HSBC,2845,3402.87,USD,3402.87,USD,Wire,0
2024/03/05 16:32,Barclays,6619,Barclays,2116,4820.76,GBP,4820.76,GBP,ACH,0
2024/02/29 05:31,UBS,1644,BNP,1594,228.05,USD,228.05,USD,ACH,0
2024/02/15 06:51,UBS,7948,Citibank,1464,4953.59,GBP,4953.59,GBP,ACH,0
2024/03/20 14:59,BNP,3007,Chase,5221,9117.16,USD,9117.16,USD,Bitcoin,0
2024/03/22 16:45,Wells,1363,Citibank,4090,8325.04,EUR,8325.04,EUR,Cheque,0
2024/02/27 17:49,Wells,3165,Deutsche,8286,7179.19,EUR,7179.19,EUR,Wire,0
2024/01/17 04:22,Wells,3223,HSBC,5285,2374.67,USD,2374.67,USD,Wire,0
2024/03/01 15:38,HSBC,5774,Barclays,8001,5521.67,USD,5521.67,USD,Cash,1
2024/03/18 09:56,Citibank,6074,Chase,5935,3689.61,USD,3689.61,USD,Wire,0
2024/01/03 20:19,Deutsche,7200,UBS,2757,7387.16,USD,7387.16,USD,ACH,0
2024/03/06 23:47,HSBC,7685,UBS,8875,50.0,USD,50.0,USD,ACH,0
2024/01/15 08:32,Wells,2960,Deutsche,4380,7681.46,USD,7681.46,USD,Wire,0
2024/03/02 09:36,Chase,3823,Barclays,4676,6723.06,USD,6723.06,USD,ACH,0
2024/03/09 10:16,BNP,8660,Wells,5797,50.0,EUR,50.0,EUR,Wire,0
2024/02/05 00:07,Citibank,5357,UBS,9980,12467.76,USD,12467.76,USD,Wire,0
2024/01/01 01:07,BNP,5993,Chase,6126,1059.12,GBP,1059.12,GBP,ACH,0
2024/03/02 20:16,Barclays,5468,Barclays,8001,9256.32,USD,9256.32,USD,Cash,1
2024/03/10 10:02,HSBC,7010,Chase,7008,36250.76,USD,36250.76,USD,Wire,1
2024/01/06 11:32,Citibank,9270,Deutsche,9446,70.26,USD,70.26,USD,Wire,0
2024/03/08 06:54,HSBC,8942,Deutsche,4062,5299.13,USD,5299.13,USD,Wire,0
2024/02/19 10:59,UBS,6502,UBS,3898,4035.05,USD,4035.05,USD,Wire,0
2024/01/29 23:22,UBS,6143,BNP,7808,4960.67,USD,4960.67,USD,Wire,0
2024/03/14 08:48,Chase,7008,HSBC,7009,12289.28,USD,12289.28,USD,Wire,1
2024/01/22 23:09,Wells,8878,Chase,5683,2192.8,USD,2192.8,USD,ACH,0
2024/02/21 16:57,Deutsche,1183,Citibank,6055,4353.31,USD,4353.31,USD,ACH,0
2024/02/22 17:51,Chase,3173,Citibank,6915,4257.16,GBP,4257.16,GBP,Bitcoin,0
2024/02/23 23:00,Citibank,3123,Barclays,4093,10616.7,EUR,10616.7,EUR,ACH,0
2024/01/05 07:27,Deutsche,8342,Chase,5608,11067.77,USD,11067.77,USD,Cheque,0
2024/01/22 08:11,Barclays,2238,Barclays,4957,6232.91,GBP,6232.91,GBP,Wire,0
2024/02/08 03:44,Deutsche,1244,Chase,3456,5531.69,USD,5531.69,USD,Wire,0
2024/03/14 08:42,UBS,7451,Chase,5989,4254.73,GBP,4254.73,GBP,Wire,0
2024/03/19 18:23,Deutsche,3537,Barclays,5826,6071.43,USD,6071.43,USD,Credit Card,0
2024/02/02 21:14,BNP,6182,Chase,8434,5585.85,USD,5585.85,USD,Wire,0
2024/01/11 08:06,Chase,9190,HSBC,8283,6825.19,USD,6825.19,USD,ACH,0
2024/02/17 01:09,Citibank,1144,Barclays,3119,7035.21,USD,7035.21,USD,Wire,0
2024/03/01 07:47,Barclays,7699,UBS,2120,7691.58,USD,7691.58,USD,Wire,0
2024/01/30 23:06,Wells,3180,UBS,5557,50.0,USD,50.0,USD,Wire,0
2024/01/24 22:20,HSBC,4206,Citibank,5519,11935.49,EUR,11935.49,EUR,ACH,0
2024/02/15 04:52,Chase,9930,Chase,5965,6399.48,USD,6399.48,USD,ACH,0
2024/03/12 03:50,HSBC,7010,Chase,7008,19542.11,USD,19542.11,USD,Wire,1
2024/03/25 01:31,Wells,4794,UBS,7299,8379.83,USD,8379.83,USD,ACH,0
2024/01/25 02:20,Barclays,7757,Wells,9546,5310.37,USD,5310.37,USD,Wire,0
2024/01/27 07:52,UBS,2182,HSBC,4080,4515.94,EUR,4515.94,EUR,ACH,0
2024/01/15 19:02,Barclays,7226,Deutsche,6275,2703.24,USD,2703.24,USD,Wire,0
2024/02/02 03:41,Citibank,5640,Barclays,2770,6086.37,EUR,6086.37,EUR,Wire,0
2024/02/26 09:22,BNP,6329,HSBC,5114,4516.63,USD,4516.63,USD,Wire,0
2024/03/09 23:50,Citibank,6510,BNP,1355,7510.77,USD,7510.77,USD,Wire,0
2024/03/13 11:29,Chase,4958,BNP,4125,1844.22,USD,1844.22,USD,Bitcoin,0
2024/03/21 18:26,BNP,6306,UBS,3521,6681.58,USD,6681.58,USD,ACH,0
2024/02/17 12:03,Wells,3223,BNP,3892,10069.47,USD,10069.47,USD,ACH,0
2024/02/25 19:00,Wells,5168,Barclays,8005,8455.39,USD,8455.39,USD,ACH,1
2024/03/11 09:24,Barclays,5782,Chase,6469,3514.25,USD,3514.25,USD,ACH,0
2024/03/13 23:41,BNP,6064,BNP,6897,1854.72,EUR,1854.72,EUR,Wire,0
2024/03/22 04:49,Citibank,7002,BNP,7003,45934.66,USD,45934.66,USD,Wire,1
2024/03/19 21:04,Deutsche,4927,Wells,7110,6054.71,USD,6054.71,USD,ACH,0
2024/02/22 18:09,Wells,3531,Chase,6560,5656.82,USD,5656.82,USD,ACH,0
2024/01/11 11:54,BNP,4877,Deutsche,4789,2061.87,USD,2061.87,USD,Wire,0
2024/03/27 04:55,Deutsche,9388,UBS,3015,3699.63,USD,3699.63,USD,Wire,0
2024/03/25 21:25,Chase,4685,BNP,4831,10062.71,USD,10062.71,USD,Cheque,0
2024/01/17 23:43,Chase,9588,Barclays,2154,5338.07,GBP,5338.07,GBP,Bitcoin,0
2024/02/05 03:43,UBS,6831,BNP,2685,5686.91,USD,5686.91,USD,Wire,0
2024/02/23 13:28,Citibank,7506,UBS,3253,3092.59,USD,3092.59,USD,Wire,0
2024/02/06 04:11,Deutsche,4347,Deutsche,6423,6063.86,GBP,6063.86,GBP,Wire,0
2024/03/24 02:21,Chase,7015,BNP,7011,32898.32,USD,32898.32,USD,Wire,1
2024/01/14 15:07,HSBC,5238,Citibank,3562,6906.23,GBP,6906.23,GBP,ACH,0
2024/03/29 03:44,Chase,3832,Chase,2839,4563.02,USD,4563.02,USD,Wire,0
2024/03/24 05:08,Chase,7014,Chase,7015,28965.31,USD,28965.31,USD,Wire,1
2024/03/24 04:50,BNP,7011,Deutsche,7012,26351.32,USD,26351.32,USD,Wire,1
2024/03/21 04:10,Citibank,9880,BNP,4577,7804.05,GBP,7804.05,GBP,ACH,0
2024/03/04 01:42,Chase,5011,UBS,5812,9082.7,USD,9082.7,USD,ACH,0
2024/03/18 11:40,Citibank,9321,Deutsche,1437,1988.93,GBP,1988.93,GBP,Wire,0
2024/01/28 05:50,Citibank,4320,Citibank,6647,5757.04,GBP,5757.04,GBP,ACH,0
2024/01/24 11:08,Deutsche,7006,Wells,7007,36627.39,USD,36627.39,USD,Wire,1
2024/02/21 16:05,Citibank,5597,Deutsche,3423,4975.47,USD,4975.47,USD,Wire,0
2024/02/29 09:05,Chase,1138,Wells,3702,2950.77,USD,2950.77,USD,Cheque,0
2024/03/01 16:05,HSBC,9913,Wells,9924,5104.12,USD,5104.12,USD,Credit Card,0
2024/01/17 09:45,UBS,8881,HSBC,4333,1536.19,USD,1536.19,USD,Credit Card,0
2024/02/16 05:51,Wells,8638,Wells,7704,2527.1,USD,2527.1,USD,Cheque,0
2024/02/07 21:52,Barclays,7293,Deutsche,8490,422.43,GBP,422.43,GBP,ACH,0
2024/02/21 17:44,Chase,5245,Wells,3472,1304.16,EUR,1304.16,EUR,Wire,0
2024/02/29 03:14,Citibank,4300,Wells,8262,4946.45,USD,4946.45,USD,Cheque,0
2024/02/22 07:30,Wells,3674,HSBC,4198,50.0,USD,50.0,USD,Cheque,0
2024/02/13 07:46,HSBC,1625,Citibank,1096,1519.14,USD,1519.14,USD,ACH,0
2024/02/19 14:31,Citibank,2973,HSBC,9635,4771.41,EUR,4771.41,EUR,ACH,0
2024/01/10 12:26,Chase,6086,Barclays,2072,1957.52,USD,1957.52,USD,ACH,0
2024/02/18 16:12,Wells,3822,Wells,7966,3168.18,GBP,3168.18,GBP,ACH,0
2024/02/03 00:05,UBS,1781,Barclays,9967,6863.59,EUR,6863.59,EUR,Wire,0
2024/03/12 00:46,Deutsche,3660,Wells,5375,6858.7,EUR,6858.7,EUR,ACH,0
2024/01/10 18:14,Citibank,1112,HSBC,5493,4489.64,EUR,4489.64,EUR,Credit Card,0
2024/02/16 04:16,HSBC,1639,Citibank,6027,10205.07,EUR,10205.07,EUR,ACH,0
2024/02/02 01:13,Wells,4781,Deutsche,8002,4713.59,USD,4713.59,USD,Cash,1
2024/01/22 12:01,Chase,7365,Chase,6647,6516.49,USD,6516.49,USD,Wire,0
2024/01/01 22:15,HSBC,8014,Citibank,8807,1028.02,GBP,1028.02,GBP,ACH,0
2024/02/20 13:07,Barclays,4005,Citibank,5832,5218.6,USD,5218.6,USD,Wire,0
2024/01/18 11:36,BNP,7004,HSBC,7005,41212.06,USD,41212.06,USD,Wire,1
2024/01/16 02:40,Barclays,6101,Wells,2095,8504.01,USD,8504.01,USD,Wire,0
2024/03/30 23:05,BNP,6453,BNP,3119,3212.89,USD,3212.89,USD,ACH,0
2024/01/18 11:16,Wells,7007,BNP,7004,14739.14,USD,14739.14,USD,Wire,1
2024/01/29 03:12,Chase,9769,BNP,7401,11281.34,EUR,11281.34,EUR,Wire,0
2024/03/04 15:31,UBS,9522,UBS,8269,2847.5,GBP,2847.5,GBP,Bitcoin,0
2024/02/19 16:22,Barclays,5612,Barclays,7239,4117.54,USD,4117.54,USD,Wire,0
2024/03/12 03:53,Deutsche,8073,BNP,2669,765.39,USD,765.39,USD,ACH,0
2024/01/28 00:35,Deutsche,6473,UBS,5730,5870.15,USD,5870.15,USD,Wire,0
2024/03/20 06:46,Wells,1859,BNP,8567,4569.28,GBP,4569.28,GBP,Wire,0
2024/02/18 06:38,Wells,8788,Citibank,1259,8639.37,USD,8639.37,USD,Wire,0
2024/02/14 13:46,Wells,7193,Deutsche,5077,2264.94,USD,2264.94,USD,ACH,0
2024/01/09 15:54,Chase,4213,Chase,8012,6931.98,USD,6931.98,USD,Wire,0
2024/03/03 02:44,Chase,1355,UBS,6256,3197.91,USD,3197.91,USD,Wire,0
2024/02/17 12:35,Chase,9995,Wells,4707,8458.05,EUR,8458.05,EUR,Cheque,0
2024/02/07 18:08,Deutsche,3467,Chase,3204,2129.17,EUR,2129.17,EUR,Cheque,0
2024/03/02 15:43,Citibank,5203,Barclays,8001,7685.66,USD,7685.66,USD,ACH,1
2024/03/31 03:45,BNP,5861,UBS,5985,5193.41,USD,5193.41,USD,Credit Card,0
2024/03/29 06:03,BNP,3940,Deutsche,4010,4637.69,USD,4637.69,USD,Credit Card,0
2024/01/15 08:01,HSBC,1003,Citibank,4581,4662.29,USD,4662.29,USD,ACH,0
2024/02/24 03:56,Chase,5343,Wells,9069,9881.69,USD,9881.69,USD,Wire,0
2024/02/07 17:52,HSBC,8394,Barclays,7255,6138.03,USD,6138.03,USD,ACH,0
2024/03/08 19:02,BNP,8438,HSBC,7017,4400.36,GBP,4400.36,GBP,ACH,0
2024/02/15 18:16,Deutsche,4483,Barclays,6818,50.0,EUR,50.0,EUR,Wire,0
2024/01/22 03:18,BNP,7004,HSBC,7005,28341.92,USD,28341.92,USD,Wire,1
2024/02/13 00:45,Deutsche,2170,Wells,1071,2022.4,USD,2022.4,USD,Wire,0
2024/02/06 03:33,HSBC,1451,Wells,4625,7650.05,USD,7650.05,USD,Wire,0
2024/03/28 08:12,Barclays,3898,HSBC,6312,8403.6,USD,8403.6,USD,ACH,0
2024/03/31 06:01,Deutsche,8638,Citibank,5595,7828.87,USD,7828.87,USD,ACH,0
2024/02/24 18:15,UBS,4496,HSBC,8653,2680.41,USD,2680.41,USD,Wire,0
2024/01/11 18:34,Chase,3796,HSBC,7431,8753.33,USD,8753.33,USD,ACH,0
2024/01/23 04:22,HSBC,5535,UBS,6995,6277.14,USD,6277.14,USD,Credit Card,0
2024/01/14 16:35,Barclays,8144,Chase,2069,5065.09,USD,5065.09,USD,Wire,0
2024/03/27 01:22,Wells,7417,Barclays,3486,50.0,USD,50.0,USD,Wire,0
2024/02/14 22:51,BNP,7347,HSBC,1952,4910.51,GBP,4910.51,GBP,Cheque,0
2024/01/28 11:09,Wells,2244,Deutsche,7860,1701.61,EUR,1701.61,EUR,Wire,0
2024/02/14 16:53,HSBC,4412,Wells,1586,7995.4,USD,7995.4,USD,Wire,0
2024/01/21 19:21,Citibank,2157,BNP,2345,10355.38,EUR,10355.38,EUR,ACH,0
2024/02/18 10:49,Deutsche,3374,Barclays,9189,4252.9,USD,4252.9,USD,Wire,0
2024/01/01 03:37,HSBC,3367,Barclays,2646,2015.58,USD,2015.58,USD,Wire,0
2024/03/16 06:28,BNP,7003,Chase,7001,32897.22,USD,32897.22,USD,Wire,1
2024/03/24 21:18,BNP,8997,UBS,2224,7313.11,USD,7313.11,USD,Wire,0
2024/02/18 14:07,Chase,3760,Deutsche,1172,770.14,USD,770.14,USD,Credit Card,0
2024/03/26 03:56,HSBC,4006,Barclays,2963,5486.28,EUR,5486.28,EUR,Wire,0
2024/01/01 20:13,Deutsche,5213,Chase,2527,5911.23,USD,5911.23,USD,ACH,0
2024/03/10 10:46,Chase,7008,HSBC,7009,15720.88,USD,15720.88,USD,Wire,1
2024/02/25 06:08,Citibank,5417,Chase,3130,1715.91,USD,1715.91,USD,Wire,0
2024/01/31 09:41,HSBC,5749,Deutsche,7557,3772.25,USD,3772.25,USD,ACH,0
2024/02/01 07:26,Wells,7167,HSBC,6209,6484.79,USD,6484.79,USD,Credit Card,0
2024/02/20 08:55,Deutsche,3077,Barclays,3832,2074.29,EUR,2074.29,EUR,ACH,0
2024/01/09 14:41,Chase,3712,HSBC,8914,10742.98,USD,10742.98,USD,Wire,0
2024/01/15 04:10,Wells,5237,UBS,4956,7358.97,EUR,7358.97,EUR,Cheque,0
2024/02/25 13:34,HSBC,7002,UBS,4913,2550.37,EUR,2550.37,EUR,ACH,0
2024/01/05 06:07,HSBC,8945,HSBC,5013,6471.11,EUR,6471.11,EUR,ACH,0
2024/02/12 16:17,UBS,9927,Deutsche,6791,2689.62,EUR,2689.62,EUR,Cheque,0
2024/02/26 02:18,BNP,9658,Citibank,9480,4359.24,USD,4359.24,USD,Cheque,0
2024/02/23 15:05,Deutsche,2207,UBS,9997,8226.91,USD,8226.91,USD,Wire,0
2024/01/31 16:32,Citibank,2282,Wells,9380,50.0,USD,50.0,USD,ACH,0
2024/03/09 09:37,BNP,8999,HSBC,7079,9430.43,USD,9430.43,USD,Cheque,0
2024/03/08 16:45,Barclays,3593,Deutsche,4475,4468.18,USD,4468.18,USD,ACH,0
2024/01/14 21:52,Barclays,6611,Barclays,2902,8611.35,USD,8611.35,USD,ACH,0
2024/03/28 06:53,HSBC,8768,Chase,6303,11346.89,USD,11346.89,USD,Wire,0
2024/01/13 07:44,Barclays,4289,Chase,9822,6418.05,USD,6418.05,USD,ACH,0
2024/01/05 17:22,Chase,2479,Deutsche,8240,1911.19,EUR,1911.19,EUR,Wire,0
2024/01/24 17:37,Chase,6227,Barclays,7330,1738.29,GBP,1738.29,GBP,ACH,0
2024/01/30 08:18,Chase,1710,Chase,5876,9536.43,USD,9536.43,USD,Wire,0
2024/01/13 11:40,Chase,7682,Deutsche,8583,50.0,GBP,50.0,GBP,ACH,0
2024/03/28 08:07,HSBC,2615,UBS,5266,5974.63,USD,5974.63,USD,Wire,0
2024/03/12 22:27,Deutsche,2629,Chase,2519,8298.06,USD,8298.06,USD,Wire,0
2024/03/06 11:41,Deutsche,1921,Wells,7076,1684.39,USD,1684.39,USD,Cheque,0
2024/01/30 14:21,Citibank,3474,Citibank,7365,8058.52,USD,8058.52,USD,ACH,0
2024/03/18 07:02,Chase,1174,UBS,3170,4860.94,USD,4860.94,USD,Wire,0
2024/03/05 05:26,Citibank,2362,Chase,2515,3625.17,USD,3625.17,USD,ACH,0
2024/01/19 02:03,UBS,5056,BNP,6851,4881.25,GBP,4881.25,GBP,Wire,0
2024/02/25 13:54,Deutsche,8309,Barclays,1367,1810.55,GBP,1810.55,GBP,Wire,0
2024/03/06 16:37,Barclays,4111,BNP,4149,3218.31,USD,3218.31,USD,Credit Card,0
2024/03/22 09:47,BNP,7003,Chase,7001,20821.4,USD,20821.4,USD,Wire,1
2024/02/05 17:10,Citibank,9671,BNP,4507,50.0,EUR,50.0,EUR,Cheque,0
2024/02/15 04:10,Citibank,6416,HSBC,7819,8717.52,USD,8717.52,USD,Cheque,0
2024/01/31 01:40,Barclays,2700,Deutsche,4146,11053.43,USD,11053.43,USD,Cheque,0
2024/01/29 20:39,BNP,5176,Deutsche,1470,5708.81,USD,5708.81,USD,Cheque,0
2024/01/08 01:07,UBS,4094,Deutsche,2710,3790.78,USD,3790.78,USD,Credit Card,0
2024/03/26 03:32,Wells,3833,BNP,2710,5591.31,EUR,5591.31,EUR,ACH,0
2024/01/11 19:47,Deutsche,1555,Deutsche,8648,50.0,USD,50.0,USD,Cheque,0
2024/01/25 03:35,Wells,9332,Wells,7570,50.0,USD,50.0,USD,Wire,0
2024/01/17 12:19,HSBC,1387,BNP,4359,4055.68,USD,4055.68,USD,Credit Card,0
2024/02/13 12:03,Deutsche,9419,Chase,8741,5960.88,USD,5960.88,USD,Wire,0
2024/01/03 04:21,Citibank,5041,Wells,1083,6240.42,EUR,6240.42,EUR,Wire,0
2024/01/07 01:56,Chase,9529,BNP,7829,3938.51,USD,3938.51,USD,ACH,0
2024/03/29 10:24,Chase,8251,HSBC,1229,6658.19,USD,6658.19,USD,ACH,0
2024/02/07 18:27,UBS,5553,Citibank,6120,2976.06,USD,2976.06,USD,Cash,0
2024/03/21 19:21,Citibank,3214,BNP,6945,6148.54,USD,6148.54,USD,Wire,0
2024/03/20 22:20,UBS,3889,Barclays,6926,5224.94,USD,5224.94,USD,ACH,0
2024/01/17 01:23,HSBC,1764,Citibank,4056,2334.25,EUR,2334.25,EUR,Credit Card,0
2024/01/18 18:56,UBS,4239,Chase,3474,6286.41,USD,6286.41,USD,Bitcoin,0
2024/01/30 15:04,Barclays,4637,Chase,4393,8365.73,USD,8365.73,USD,ACH,0
2024/03/26 01:16,Chase,9318,Wells,6822,7466.69,USD,7466.69,USD,ACH,0
2024/02/28 18:36,Citibank,8309,Deutsche,9992,9276.62,EUR,9276.62,EUR,Wire,0
2024/03/18 17:05,Deutsche,3518,Chase,9972,50.0,USD,50.0,USD,Cash,0
2024/03/31 12:24,Deutsche,7441,UBS,8418,9061.51,USD,9061.51,USD,Wire,0
2024/03/20 21:49,UBS,7030,Citibank,2376,817.65,USD,817.65,USD,Cheque,0
2024/03/26 16:18,Deutsche,4948,UBS,9820,4015.57,USD,4015.57,USD,Wire,0
2024/03/08 05:02,Citibank,6502,HSBC,4341,1029.72,USD,1029.72,USD,Cheque,0
2024/03/03 04:31,UBS,7143,Wells,4286,7157.83,GBP,7157.83,GBP,Wire,0
2024/02/24 06:16,HSBC,9002,BNP,6504,6775.07,USD,6775.07,USD,Wire,1
2024/03/03 13:25,Wells,4979,Wells,2953,9302.05,EUR,9302.05,EUR,ACH,0
2024/01/31 14:06,HSBC,3300,Wells,3213,50.0,EUR,50.0,EUR,Wire,0
2024/03/09 23:15,Barclays,4484,BNP,7430,5061.53,USD,5061.53,USD,Wire,0
2024/01/18 21:40,Wells,3068,Deutsche,3442,7593.74,USD,7593.74,USD,Wire,0
2024/02/14 15:28,UBS,4056,Citibank,5983,8109.12,USD,8109.12,USD,ACH,0
2024/03/10 10:25,Citibank,6885,HSBC,4728,9440.69,EUR,9440.69,EUR,ACH,0
2024/02/22 23:54,HSBC,6958,UBS,5041,1386.9,USD,1386.9,USD,Wire,0
2024/01/07 17:40,HSBC,3184,Wells,5378,2807.86,USD,2807.86,USD,Wire,0
2024/03/29 06:58,Chase,4214,HSBC,2280,6264.35,USD,6264.35,USD,Wire,0
2024/03/11 22:31,UBS,8906,Barclays,9474,2903.71,USD,2903.71,USD,ACH,0
2024/03/29 07:14,HSBC,8212,Chase,7418,4841.84,USD,4841.84,USD,Wire,0
2024/02/19 05:13,BNP,7567,Wells,7192,2992.86,GBP,2992.86,GBP,Cheque,0
2024/02/28 00:31,Citibank,9951,Barclays,9953,6554.55,EUR,6554.55,EUR,Credit Card,0
2024/03/27 17:20,Deutsche,2329,Deutsche,6020,50.0,EUR,50.0,EUR,Credit Card,0
2024/01/31 02:19,Citibank,7577,BNP,5278,4920.71,USD,4920.71,USD,ACH,0
2024/01/27 08:52,Deutsche,2254,Chase,6384,2468.43,USD,2468.43,USD,Wire,0
2024/03/10 23:18,Chase,1399,Chase,1215,4752.23,USD,4752.23,USD,ACH,0
2024/03/07 11:24,Citibank,3912,HSBC,1516,5378.84,GBP,5378.84,GBP,Wire,0
2024/01/06 11:45,Deutsche,7053,Wells,6069,1537.55,USD,1537.55,USD,ACH,0
2024/01/19 16:34,Citibank,1418,BNP,6672,1246.16,EUR,1246.16,EUR,Cheque,0
2024/01/22 09:43,HSBC,4518,Chase,5269,3443.46,USD,3443.46,USD,Wire,0
2024/01/24 11:02,HSBC,3458,Deutsche,4362,5542.88,EUR,5542.88,EUR,Wire,0
2024/02/26 09:07,Citibank,5757,HSBC,7976,8794.34,USD,8794.34,USD,ACH,0
2024/02/24 00:54,HSBC,6424,BNP,2355,1744.29,EUR,1744.29,EUR,ACH,0
2024/02/01 07:35,Barclays,4918,BNP,9226,324.75,USD,324.75,USD,Wire,0
2024/01/10 12:33,UBS,2600,BNP,2066,4642.62,EUR,4642.62,EUR,Wire,0
2024/02/04 07:48,BNP,5226,Wells,4218,308.56,USD,308.56,USD,ACH,0
2024/03/22 06:54,BNP,7011,Deutsche,7012,26161.38,USD,26161.38,USD,Wire,1
2024/02/27 00:42,Chase,9001,Wells,5456,13271.73,USD,13271.73,USD,Credit Card,1
2024/01/05 19:19,HSBC,2984,Wells,6929,6316.45,USD,6316.45,USD,ACH,0
2024/01/29 18:14,Wells,2994,Barclays,8150,4745.03,USD,4745.03,USD,Wire,0
2024/02/24 15:59,UBS,7732,Citibank,8004,8675.48,USD,8675.48,USD,ACH,0
2024/03/23 19:35,Barclays,5037,HSBC,4892,4870.58,USD,4870.58,USD,Wire,0
2024/02/16 03:55,Deutsche,9247,UBS,1020,4223.82,EUR,4223.82,EUR,Wire,0
2024/02/08 06:06,HSBC,3224,Barclays,5003,11179.3,EUR,11179.3,EUR,ACH,0
2024/03/31 07:14,Wells,5934,Deutsche,6277,4572.55,USD,4572.55,USD,Cheque,0
2024/01/19 09:21,Barclays,7950,Barclays,2689,4435.33,USD,4435.33,USD,Wire,0
2024/03/25 17:29,Deutsche,5325,Barclays,5266,2382.32,USD,2382.32,USD,ACH,0
2024/02/25 09:28,Barclays,9930,Deutsche,3595,3262.42,GBP,3262.42,GBP,Wire,0
2024/03/17 17:48,Chase,7178,Chase,8690,5363.11,USD,5363.11,USD,Bitcoin,0
2024/02/24 08:41,BNP,4824,Citibank,7739,207.72,USD,207.72,USD,Wire,0
2024/02/07 15:13,HSBC,9485,Barclays,7081,6802.24,USD,6802.24,USD,ACH,0
2024/01/07 00:18,Citibank,7725,Citibank,9180,8407.49,USD,8407.49,USD,Wire,0
2024/02/20 00:27,Wells,2215,Wells,5245,4751.31,USD,4751.31,USD,Wire,0
2024/02/18 07:20,Citibank,1492,Chase,8999,5090.74,GBP,5090.74,GBP,Wire,0
2024/02/10 18:52,Wells,2190,Citibank,8256,683.67,USD,683.67,USD,Cheque,0
2024/03/08 21:04,Wells,5923,BNP,2852,4420.52,USD,4420.52,USD,Bitcoin,0
2024/02/14 00:28,HSBC,6797,BNP,8004,6470.32,USD,6470.32,USD,ACH,1
2024/01/06 17:50,UBS,5404,Chase,5786,7159.48,USD,7159.48,USD,ACH,0
2024/03/19 14:53,UBS,3711,Citibank,1325,420.24,GBP,420.24,GBP,Cheque,0
2024/01/03 20:44,Deutsche,7294,BNP,1727,4568.08,USD,4568.08,USD,Cheque,0
2024/03/03 19:13,Deutsche,6911,BNP,1280,6243.27,USD,6243.27,USD,Wire,0
2024/02/17 19:09,UBS,3732,Deutsche,2380,6458.47,EUR,6458.47,EUR,Wire,0
2024/03/26 08:37,BNP,6062,Wells,8879,8163.6,USD,8163.6,USD,Wire,0
2024/03/11 08:04,Chase,2968,HSBC,7481,3712.13,GBP,3712.13,GBP,ACH,0
2024/03/16 02:47,Deutsche,4419,Deutsche,1776,14539.59,USD,14539.59,USD,ACH,0
2024/02/29 19:50,Deutsche,1181,Citibank,5507,590.43,USD,590.43,USD,ACH,0
2024/01/25 02:43,Wells,2549,HSBC,3589,1401.47,GBP,1401.47,GBP,Wire,0
2024/01/05 15:55,HSBC,3231,Deutsche,3328,9434.99,USD,9434.99,USD,Wire,0
2024/01/02 14:35,BNP,8911,UBS,1674,50.0,USD,50.0,USD,ACH,0
2024/03/10 23:41,Deutsche,4032,UBS,7166,10122.09,GBP,10122.09,GBP,Wire,0
2024/03/15 03:09,UBS,3549,HSBC,6566,5146.77,GBP,5146.77,GBP,ACH,0
2024/03/24 05:00,UBS,3238,BNP,6774,4539.35,USD,4539.35,USD,Wire,0
2024/02/22 13:55,UBS,5687,Deutsche,3159,5296.75,USD,5296.75,USD,Cheque,0
2024/01/15 19:42,HSBC,6105,Wells,8705,2462.68,GBP,2462.68,GBP,Wire,0
2024/01/26 12:54,Chase,3981,Deutsche,1949,6231.11,USD,6231.11,USD,Wire,0
2024/02/12 18:22,Deutsche,6457,Chase,1663,5658.32,USD,5658.32,USD,Credit Card,0
2024/03/11 23:13,HSBC,2123,Chase,8960,8214.9,USD,8214.9,USD,Wire,0
2024/03/02 15:54,BNP,7592,UBS,9207,6115.3,USD,6115.3,USD,Wire,0
2024/01/27 22:31,Deutsche,3366,Barclays,1438,4206.97,USD,4206.97,USD,Cheque,0
2024/02/29 23:35,Wells,6103,BNP,4343,8527.06,USD,8527.06,USD,Wire,0
2024/02/22 01:32,Barclays,1683,Deutsche,9593,1233.02,USD,1233.02,USD,ACH,0
2024/03/30 22:36,Chase,5915,HSBC,8025,5995.09,USD,5995.09,USD,Wire,0
2024/02/02 03:37,Wells,1967,Deutsche,8002,5757.84,USD,5757.84,USD,ACH,1
2024/01/03 09:56,Citibank,3285,Citibank,5364,7701.94,USD,7701.94,USD,Wire,0
2024/01/17 20:25,Citibank,1987,HSBC,5958,3375.27,USD,3375.27,USD,Bitcoin,0
2024/03/04 21:22,BNP,7463,Deutsche,5275,6862.26,USD,6862.26,USD,ACH,0
2024/03/13 20:39,HSBC,9816,BNP,5709,1987.3,EUR,1987.3,EUR,ACH,0
2024/02/17 18:55,Chase,9631,UBS,8770,2426.66,GBP,2426.66,GBP,Credit Card,0
2024/02/22 06:16,HSBC,1746,Chase,4572,3808.91,USD,3808.91,USD,Cheque,0
2024/02/14 13:03,HSBC,1270,Deutsche,7223,6016.82,USD,6016.82,USD,Cheque,0
2024/01/13 14:49,HSBC,5290,BNP,1747,7149.89,USD,7149.89,USD,ACH,0
2024/01/23 14:39,Citibank,2877,UBS,2098,4028.23,USD,4028.23,USD,Cheque,0
2024/01/21 10:32,Chase,4325,BNP,8197,10063.99,USD,10063.99,USD,Credit Card,0
2024/01/14 11:05,Wells,9631,UBS,3039,5092.26,USD,5092.26,USD,ACH,0
2024/02/15 02:56,UBS,6775,BNP,8004,6889.48,USD,6889.48,USD,Cash,1
2024/03/07 17:56,BNP,3639,Barclays,2489,3778.08,GBP,3778.08,GBP,Wire,0
2024/03/27 17:47,BNP,9320,UBS,8392,3991.63,EUR,3991.63,EUR,Credit Card,0
2024/01/15 07:02,UBS,7640,Chase,7703,496.82,EUR,496.82,EUR,Wire,0
2024/02/15 09:01,Barclays,9185,BNP,4487,8766.73,USD,8766.73,USD,Wire,0
2024/01/03 17:09,Citibank,4465,Wells,5215,9813.23,EUR,9813.23,EUR,Wire,0
2024/03/24 07:58,Wells,7078,Wells,6857,4293.86,USD,4293.86,USD,ACH,0
2024/01/11 23:30,BNP,7046,HSBC,3270,62.6,USD,62.6,USD,ACH,0
2024/02/04 10:13,Citibank,9901,Citibank,5528,9548.08,USD,9548.08,USD,Wire,0
2024/01/10 12:28,Chase,3098,Barclays,5460,2842.74,EUR,2842.74,EUR,Wire,0
2024/02/19 07:53,Barclays,8502,Chase,8874,6355.77,USD,6355.77,USD,Wire,0
2024/03/13 23:40,Deutsche,1726,Barclays,2805,11361.11,USD,11361.11,USD,Wire,0
2024/01/01 10:20,BNP,6928,Deutsche,9447,5113.17,EUR,5113.17,EUR,Wire,0
2024/03/14 01:46,HSBC,7009,HSBC,7010,47111.82,USD,47111.82,USD,Wire,1
2024/01/14 15:04,Wells,4409,Deutsche,4438,7267.46,EUR,7267.46,EUR,Cheque,0
2024/01/19 09:07,UBS,2284,UBS,1587,2284.47,EUR,2284.47,EUR,Wire,0
2024/03/14 09:50,HSBC,7010,Chase,7008,37924.83,USD,37924.83,USD,Wire,1
2024/02/05 21:32,Barclays,2292,UBS,3777,10886.02,EUR,10886.02,EUR,Wire,0
2024/02/05 16:55,UBS,6986,Deutsche,2406,5139.88,USD,5139.88,USD,Cheque,0
2024/01/19 20:07,Wells,1916,Barclays,7894,3016.53,USD,3016.53,USD,ACH,0
2024/02/11 11:28,Wells,7707,Chase,8957,1387.95,USD,1387.95,USD,ACH,0
2024/03/08 15:42,BNP,4919,Barclays,7449,7350.82,EUR,7350.82,EUR,Cheque,0
2024/02/16 05:42,Chase,6289,BNP,8004,2789.59,USD,2789.59,USD,ACH,1
2024/01/28 07:38,Barclays,4467,Deutsche,8098,991.81,USD,991.81,USD,Bitcoin,0
2024/02/20 13:50,BNP,8659,UBS,6708,5625.93,GBP,5625.93,GBP,Wire,0
2024/01/23 09:24,Deutsche,7727,BNP,1164,7355.58,USD,7355.58,USD,Credit Card,0
2024/03/28 10:55,Deutsche,4776,Citibank,4691,4082.63,GBP,4082.63,GBP,Cash,0
2024/02/05 11:53,HSBC,3790,Deutsche,6313,8077.8,EUR,8077.8,EUR,Wire,0
2024/02/08 11:51,BNP,5135,Wells,3058,50.0,USD,50.0,USD,Wire,0
2024/02/18 12:36,Wells,6066,Citibank,5519,2519.1,USD,2519.1,USD,ACH,0
2024/01/18 17:37,HSBC,4846,HSBC,3128,3576.76,USD,3576.76,USD,ACH,0
2024/03/06 12:20,UBS,8915,Wells,9977,5060.92,GBP,5060.92,GBP,Wire,0
2024/01/30 21:13,Citibank,3164,Deutsche,2906,4275.89,USD,4275.89,USD,Wire,0
2024/03/01 02:24,BNP,4132,Citibank,2658,50.0,EUR,50.0,EUR,Bitcoin,0
2024/03/28 12:00,Chase,5824,Barclays,8420,3520.93,USD,3520.93,USD,ACH,0
2024/03/25 15:56,Chase,1827,BNP,6298,7277.11,USD,7277.11,USD,ACH,0
2024/02/25 20:47,HSBC,6744,Citibank,9293,12585.07,USD,12585.07,USD,Wire,0
2024/01/15 18:52,Chase,9306,Citibank,8544,10424.9,USD,10424.9,USD,Wire,0
2024/01/13 13:23,Citibank,5934,Chase,8238,4094.96,EUR,4094.96,EUR,Wire,0
2024/01/20 05:25,Wells,7007,BNP,7004,43015.98,USD,43015.98,USD,Wire,1
2024/03/05 22:13,BNP,1426,Barclays,5839,7342.04,USD,7342.04,USD,Wire,0
2024/01/06 14:15,Citibank,2891,Wells,4104,2311.73,EUR,2311.73,EUR,Wire,0
2024/01/09 08:19,Chase,7867,Deutsche,8599,4847.07,EUR,4847.07,EUR,Wire,0
2024/02/28 23:46,Chase,9001,Chase,6750,12721.05,USD,12721.05,USD,ACH,1
2024/02/29 07:14,UBS,5211,Citibank,6697,3026.94,USD,3026.94,USD,ACH,0
2024/01/12 22:44,UBS,2802,Deutsche,5070,9660.69,USD,9660.69,USD,Cash,0
2024/02/01 06:12,Chase,1438,Chase,1900,4897.92,EUR,4897.92,EUR,Wire,0
2024/02/27 17:52,Chase,9001,Barclays,6139,6536.13,USD,6536.13,USD,Wire,1
2024/03/30 05:25,Wells,1991,BNP,8380,4760.46,USD,4760.46,USD,ACH,0
2024/03/29 18:41,BNP,7612,Wells,5163,10143.14,USD,10143.14,USD,Cheque,0
2024/01/23 16:46,BNP,5904,Chase,1535,6631.42,USD,6631.42,USD,Credit Card,0
2024/02/16 09:53,HSBC,4093,BNP,5835,2896.32,USD,2896.32,USD,Cheque,0
2024/02/22 13:02,UBS,5200,Deutsche,3905,10539.32,USD,10539.32,USD,Wire,0
2024/02/11 12:53,UBS,5424,Wells,7981,2748.87,USD,2748.87,USD,Cheque,0
2024/01/04 07:49,HSBC,9175,Deutsche,1888,2609.13,USD,2609.13,USD,Credit Card,0
2024/03/26 05:50,HSBC,5358,Barclays,5660,6799.48,USD,6799.48,USD,Wire,0
2024/03/20 07:55,BNP,7003,Chase,7001,26744.33,USD,26744.33,USD,Wire,1
2024/02/01 07:39,UBS,5010,Deutsche,8002,5533.22,USD,5533.22,USD,ACH,1
2024/03/14 06:04,BNP,8128,Chase,4589,1984.68,EUR,1984.68,EUR,Wire,0
2024/02/07 22:22,Wells,3801,Wells,7722,50.0,USD,50.0,USD,Cheque,0
2024/01/06 23:07,Barclays,2359,BNP,1224,6461.49,USD,6461.49,USD,Wire,0
2024/01/05 16:17,UBS,4366,HSBC,8819,11155.44,USD,11155.44,USD,Wire,0
2024/02/05 19:15,HSBC,7964,Chase,3524,4337.54,USD,4337.54,USD,ACH,0
2024/03/25 17:11,Citibank,4477,Citibank,2993,5626.0,USD,5626.0,USD,ACH,0
2024/03/19 12:48,Deutsche,5058,Chase,7522,9846.29,USD,9846.29,USD,ACH,0
2024/01/31 06:18,Wells,3197,Deutsche,8002,9214.23,USD,9214.23,USD,ACH,1
2024/01/10 06:32,HSBC,2044,UBS,1143,11091.12,EUR,11091.12,EUR,Credit Card,0
2024/03/05 10:00,UBS,7408,Deutsche,8323,8797.8,USD,8797.8,USD,ACH,0
2024/03/25 02:29,HSBC,5320,Citibank,7603,2043.03,EUR,2043.03,EUR,Wire,0
2024/02/28 09:00,Chase,9001,UBS,2865,12054.06,USD,12054.06,USD,Credit Card,1
2024/01/14 14:32,UBS,8162,Wells,2115,6447.91,EUR,6447.91,EUR,ACH,0
2024/02/20 10:50,Wells,4359,Chase,5403,50.0,USD,50.0,USD,Credit Card,0
2024/01/06 04:35,HSBC,3218,Chase,7766,9026.55,USD,9026.55,USD,Credit Card,0
2024/03/15 17:33,Citibank,5557,Wells,5342,10436.1,USD,10436.1,USD,Wire,0
2024/03/12 01:03,Chase,7008,HSBC,7009,10217.19,USD,10217.19,USD,Wire,1
2024/02/18 07:45,Citibank,6166,Citibank,7711,5084.45,GBP,5084.45,GBP,Cheque,0
2024/01/27 01:39,Citibank,4850,Chase,4115,4504.4,USD,4504.4,USD,ACH,0
2024/03/13 05:23,Barclays,5055,BNP,4458,5093.54,USD,5093.54,USD,ACH,0
2024/02/12 05:08,Deutsche,1838,Wells,6820,1559.11,GBP,1559.11,GBP,ACH,0
2024/01/09 15:35,Chase,1324,Barclays,8971,3285.65,USD,3285.65,USD,Credit Card,0
2024/03/15 14:26,BNP,4022,HSBC,3140,4814.1,USD,4814.1,USD,Wire,0
2024/03/18 13:04,BNP,7279,HSBC,3580,6826.05,EUR,6826.05,EUR,ACH,0
2024/01/17 20:34,Citibank,2390,HSBC,3476,4579.77,EUR,4579.77,EUR,ACH,0
2024/02/08 12:54,Chase,8059,BNP,9183,2802.49,EUR,2802.49,EUR,Cheque,0
2024/02/07 02:58,Citibank,6820,BNP,6944,2042.38,USD,2042.38,USD,Wire,0
2024/01/27 05:50,Deutsche,5668,Deutsche,9128,2919.76,USD,2919.76,USD,Cheque,0
2024/02/20 23:58,Wells,4004,Citibank,8003,3079.23,USD,3079.23,USD,Cash,1
2024/02/24 04:08,HSBC,9002,Wells,3941,9932.9,USD,9932.9,USD,Wire,1
2024/01/25 14:25,Deutsche,6908,Chase,6685,3873.81,EUR,3873.81,EUR,Wire,0
2024/02/14 21:40,Wells,2882,BNP,8004,6971.48,USD,6971.48,USD,Cash,1
2024/01/31 12:53,Citibank,9522,UBS,3887,8278.61,USD,8278.61,USD,ACH,0
2024/01/03 15:52,Wells,1315,HSBC,8728,12282.42,EUR,12282.42,EUR,Wire,0
2024/02/25 12:43,Wells,1940,Citibank,1419,8673.89,USD,8673.89,USD,Wire,0
2024/03/15 22:01,Deutsche,4726,Wells,6373,4207.77,USD,4207.77,USD,Wire,0
2024/03/18 13:35,Wells,9912,Deutsche,2037,5234.69,USD,5234.69,USD,Credit Card,0
2024/03/24 23:36,UBS,8983,UBS,3936,3925.84,USD,3925.84,USD,ACH,0
2024/01/26 00:14,UBS,1008,Deutsche,3155,2307.74,GBP,2307.74,GBP,ACH,0
2024/03/20 13:29,Citibank,9978,Deutsche,8377,3818.29,USD,3818.29,USD,Credit Card,0
2024/02/21 11:21,Chase,5480,Citibank,8003,3968.45,USD,3968.45,USD,Cash,1
2024/01/23 07:38,Citibank,5862,HSBC,7714,4192.92,USD,4192.92,USD,Wire,0
2024/03/16 06:37,HSBC,7010,Chase,7008,39807.53,USD,39807.53,USD,Wire,1
2024/02/10 00:16,Deutsche,9966,Barclays,5253,3960.69,USD,3960.69,USD,Wire,0
2024/01/22 21:20,UBS,1726,Chase,5058,4856.97,USD,4856.97,USD,ACH,0
2024/02/01 02:45,BNP,8811,Citibank,2904,2190.21,USD,2190.21,USD,ACH,0
2024/01/13 16:56,Deutsche,8328,BNP,2874,1485.66,GBP,1485.66,GBP,Bitcoin,0
2024/03/20 11:27,Chase,7015,BNP,7011,15937.56,USD,15937.56,USD,Wire,1
2024/03/10 16:41,Wells,9893,HSBC,2469,2403.87,USD,2403.87,USD,Wire,0
2024/02/25 12:21,BNP,3633,Barclays,3758,1221.59,USD,1221.59,USD,Cheque,0
2024/03/07 01:57,Deutsche,4431,Chase,5019,6315.39,EUR,6315.39,EUR,ACH,0
2024/02/01 16:13,HSBC,8206,Chase,7885,6481.17,USD,6481.17,USD,Wire,0
2024/01/01 07:05,UBS,8380,Citibank,4814,1363.37,EUR,1363.37,EUR,Wire,0
2024/02/26 08:16,Deutsche,3744,Barclays,9999,3015.13,GBP,3015.13,GBP,ACH,0
2024/03/29 08:23,Chase,7184,Wells,2347,6866.78,USD,6866.78,USD,Wire,0
2024/01/08 20:38,Wells,2304,Chase,7375,5718.75,USD,5718.75,USD,Wire,0
2024/02/19 15:34,UBS,1179,HSBC,6870,4871.18,USD,4871.18,USD,Bitcoin,0
2024/03/25 01:46,UBS,3918,HSBC,2448,4853.04,USD,4853.04,USD,ACH,0
2024/02/04 23:45,BNP,7854,Chase,3108,7221.93,GBP,7221.93,GBP,Wire,0
2024/01/11 16:37,BNP,4958,Chase,7901,7533.71,USD,7533.71,USD,ACH,0
2024/02/13 07:57,Chase,3436,Deutsche,7966,7272.27,EUR,7272.27,EUR,Credit Card,0
2024/03/03 07:04,UBS,7683,UBS,7935,6162.49,USD,6162.49,USD,ACH,0
2024/03/23 20:08,Chase,8228,Deutsche,8298,6584.06,GBP,6584.06,GBP,ACH,0
2024/01/19 11:31,HSBC,5320,Citibank,8777,4727.31,USD,4727.31,USD,Cheque,0
2024/01/12 14:26,Chase,6305,BNP,9630,3229.67,USD,3229.67,USD,Wire,0
2024/02/13 13:05,Wells,7883,Deutsche,6954,1272.62,EUR,1272.62,EUR,ACH,0
2024/01/15 00:15,HSBC,2308,HSBC,5021,4559.85,GBP,4559.85,GBP,Wire,0
2024/01/05 12:01,Barclays,3551,Citibank,1143,7981.65,EUR,7981.65,EUR,Wire,0
2024/01/20 06:54,Citibank,1788,BNP,6865,2816.06,USD,2816.06,USD,Wire,0
2024/02/29 15:38,Deutsche,8721,Chase,2136,6104.44,USD,6104.44,USD,Credit Card,0
2024/01/18 14:53,UBS,8703,Chase,2159,12332.3,USD,12332.3,USD,ACH,0
2024/03/20 15:10,Barclays,4863,HSBC,1414,5687.55,USD,5687.55,USD,Wire,0
2024/01/01 03:37,Citibank,2539,Deutsche,7070,4610.54,USD,4610.54,USD,ACH,0
2024/02/23 03:54,Citibank,5510,UBS,5130,5511.02,GBP,5511.02,GBP,Bitcoin,0
2024/02/23 02:47,HSBC,9002,Deutsche,5577,8666.08,USD,8666.08,USD,Credit Card,1
2024/02/06 20:30,Chase,2506,Citibank,3796,4908.72,USD,4908.72,USD,Wire,0
2024/02/21 04:52,Citibank,3179,Citibank,5190,4456.34,USD,4456.34,USD,ACH,0
2024/02/07 07:23,Chase,5559,Barclays,3672,5729.05,USD,5729.05,USD,Cheque,0
2024/03/06 07:15,UBS,3970,Wells,5448,1816.42,USD,1816.42,USD,Credit Card,0
2024/01/10 02:01,BNP,7008,Barclays,5548,4285.96,USD,4285.96,USD,ACH,0
2024/01/25 00:14,UBS,3959,Chase,6244,5717.48,USD,5717.48,USD,Wire,0
2024/02/20 21:04,Wells,1059,Citibank,8003,8197.19,USD,8197.19,USD,Cash,1
2024/02/26 10:23,Deutsche,4861,Deutsche,1235,5564.22,GBP,5564.22,GBP,Credit Card,0
2024/01/30 06:15,Deutsche,8615,HSBC,5904,3994.88,GBP,3994.88,GBP,Wire,0
2024/02/09 21:25,UBS,4915,Chase,8682,7652.56,GBP,7652.56,GBP,Credit Card,0
2024/03/04 15:40,HSBC,5011,Deutsche,4322,5499.35,USD,5499.35,USD,Credit Card,0
2024/02/16 21:08,Deutsche,6548,BNP,8004,2186.45,USD,2186.45,USD,ACH,1
2024/03/01 09:20,HSBC,4279,Barclays,8001,2328.53,USD,2328.53,USD,ACH,1
2024/03/23 17:22,BNP,4962,Barclays,1109,5319.46,USD,5319.46,USD,Cheque,0
2024/02/27 14:47,HSBC,5884,Deutsche,3418,2173.64,USD,2173.64,USD,ACH,0
2024/01/09 19:25,Deutsche,1526,Chase,9195,7038.21,USD,7038.21,USD,Wire,0
2024/01/04 17:25,HSBC,1832,Wells,3302,5016.59,USD,5016.59,USD,ACH,0
2024/03/02 06:53,Barclays,9012,Chase,6815,9352.57,USD,9352.57,USD,ACH,0
2024/03/22 07:58,Chase,7015,BNP,7011,35385.16,USD,35385.16,USD,Wire,1
2024/02/21 11:50,BNP,2075,Citibank,8003,6495.37,USD,6495.37,USD,Cash,1
2024/03/02 08:09,BNP,4778,Barclays,8001,8245.09,USD,8245.09,USD,Cash,1
2024/01/21 23:52,UBS,6078,UBS,3692,2995.25,USD,2995.25,USD,ACH,0
2024/02/08 22:45,BNP,8773,Chase,9091,2888.36,GBP,2888.36,GBP,Credit Card,0
2024/01/30 18:47,Deutsche,7457,HSBC,2977,2967.47,GBP,2967.47,GBP,ACH,0
2024/02/21 20:34,UBS,7356,BNP,8763,10226.94,USD,10226.94,USD,Credit Card,0
2024/02/16 17:33,Barclays,7937,BNP,1577,1754.9,USD,1754.9,USD,ACH,0
2024/01/27 07:21,Citibank,1871,BNP,4926,2753.95,EUR,2753.95,EUR,Wire,0
2024/01/25 10:12,Citibank,2078,HSBC,5400,589.35,USD,589.35,USD,Wire,0
2024/01/09 17:52,Chase,1143,Chase,9297,4213.26,USD,4213.26,USD,Wire,0
2024/01/28 11:02,HSBC,2802,Deutsche,5240,6756.82,EUR,6756.82,EUR,ACH,0
2024/01/03 16:39,BNP,9414,Deutsche,3511,2366.73,GBP,2366.73,GBP,ACH,0
2024/01/13 00:53,Chase,4114,Barclays,3657,7593.76,USD,7593.76,USD,Wire,0
2024/02/23 16:14,HSBC,9002,Wells,4237,13444.79,USD,13444.79,USD,Wire,1
2024/01/19 03:47,Chase,4852,Barclays,4732,5222.5,GBP,5222.5,GBP,Credit Card,0
2024/01/15 13:28,Barclays,3632,HSBC,7047,6057.26,USD,6057.26,USD,Wire,0
2024/02/10 10:43,BNP,3631,Chase,9837,4345.3,USD,4345.3,USD,ACH,0
2024/03/26 12:21,Wells,4094,Barclays,9941,10021.92,USD,10021.92,USD,ACH,0
2024/01/16 06:15,UBS,8095,Barclays,4117,5675.35,GBP,5675.35,GBP,ACH,0
2024/01/24 03:18,Deutsche,8119,Barclays,2809,10770.88,GBP,10770.88,GBP,Wire,0
2024/03/04 16:33,HSBC,6076,Deutsche,1575,7113.73,USD,7113.73,USD,Wire,0
2024/01/19 17:30,UBS,8163,Citibank,3212,4483.44,USD,4483.44,USD,Cheque,0
2024/01/04 08:44,Barclays,2689,BNP,5286,50.0,USD,50.0,USD,Cheque,0
2024/03/06 22:15,Barclays,5527,Deutsche,9564,50.0,USD,50.0,USD,Wire,0
2024/01/31 08:02,UBS,1060,UBS,6375,1899.09,USD,1899.09,USD,Wire,0
2024/02/24 11:03,HSBC,5275,Chase,6529,3516.27,USD,3516.27,USD,Wire,0
2024/02/02 17:37,UBS,4239,Chase,7335,3369.65,USD,3369.65,USD,Wire,0
2024/02/10 16:58,UBS,1261,HSBC,5615,9233.5,USD,9233.5,USD,ACH,0
2024/03/11 19:28,Deutsche,4354,UBS,1966,6728.21,USD,6728.21,USD,ACH,0
2024/03/06 00:28,Barclays,2505,Deutsche,1594,4175.44,USD,4175.44,USD,Cheque,0
2024/01/09 06:58,BNP,4428,Wells,5891,8056.43,EUR,8056.43,EUR,Cheque,0
2024/02/21 14:10,Deutsche,5021,BNP,5122,6421.02,USD,6421.02,USD,Cheque,0
2024/03/11 12:23,UBS,5792,UBS,8725,4171.25,USD,4171.25,USD,Wire,0
2024/03/11 18:05,Barclays,2690,UBS,5835,2740.63,EUR,2740.63,EUR,ACH,0
2024/01/30 03:56,HSBC,4606,Chase,6941,6586.81,EUR,6586.81,EUR,Credit Card,0
2024/02/23 18:50,HSBC,9002,UBS,3689,5800.49,USD,5800.49,USD,Credit Card,1
2024/01/12 15:39,Barclays,1472,Citibank,8738,6149.04,USD,6149.04,USD,ACH,0
2024/01/16 06:54,BNP,8586,Deutsche,5019,8857.99,USD,8857.99,USD,Wire,0
2024/02/29 05:06,BNP,3675,UBS,5259,9113.2,USD,9113.2,USD,Wire,0
2024/03/27 08:15,Wells,6744,Deutsche,2304,7404.07,USD,7404.07,USD,Wire,0
2024/02/21 05:35,Citibank,4915,Citibank,9037,3803.11,USD,3803.11,USD,Credit Card,0
2024/01/18 05:34,Deutsche,9016,Chase,2772,50.0,USD,50.0,USD,ACH,0
2024/01/29 07:07,Deutsche,6596,UBS,4048,3659.61,USD,3659.61,USD,ACH,0
2024/01/15 20:50,UBS,7634,Deutsche,6591,8195.84,GBP,8195.84,GBP,ACH,0
2024/02/03 15:40,UBS,7444,Deutsche,8956,484.62,USD,484.62,USD,Wire,0
2024/03/13 09:59,UBS,4641,Citibank,6482,3638.73,USD,3638.73,USD,Wire,0
2024/03/19 13:22,HSBC,8106,UBS,9950,7139.21,EUR,7139.21,EUR,ACH,0
2024/01/02 12:12,UBS,8288,HSBC,2622,7146.61,USD,7146.61,USD,ACH,0
2024/02/06 10:34,HSBC,7849,BNP,9214,2456.51,USD,2456.51,USD,Cheque,0
2024/01/11 18:13,Wells,6784,BNP,5962,2110.0,EUR,2110.0,EUR,ACH,0
2024/02/21 13:03,Wells,5747,UBS,5657,5435.5,USD,5435.5,USD,ACH,0
2024/03/02 07:52,Wells,3410,Wells,5411,4902.83,USD,4902.83,USD,Cheque,0
2024/01/10 08:59,Citibank,5940,Chase,9123,50.0,USD,50.0,USD,Wire,0
2024/01/10 18:33,UBS,1526,Deutsche,8975,7972.29,USD,7972.29,USD,ACH,0
2024/01/17 08:00,Barclays,7864,HSBC,1014,9597.88,GBP,9597.88,GBP,ACH,0
2024/02/03 21:58,HSBC,7675,Barclays,5579,2969.03,GBP,2969.03,GBP,Wire,0
2024/02/24 16:25,Wells,2496,Barclays,8005,6284.24,USD,6284.24,USD,Cash,1
2024/03/18 07:13,BNP,7011,Deutsche,7012,11694.02,USD,11694.02,USD,Wire,1
2024/01/17 14:15,HSBC,1977,Wells,3578,6451.1,USD,6451.1,USD,Wire,0
2024/01/31 12:01,BNP,5629,Deutsche,8002,2675.36,USD,2675.36,USD,Cash,1
2024/02/01 12:44,Barclays,2802,UBS,2588,7139.14,EUR,7139.14,EUR,Cheque,0
2024/02/05 11:07,Citibank,4300,Chase,3560,10171.68,GBP,10171.68,GBP,ACH,0
2024/03/11 07:30,UBS,9678,Deutsche,9626,8686.45,USD,8686.45,USD,Wire,0
2024/02/17 16:28,Wells,8399,Deutsche,1900,5506.24,USD,5506.24,USD,Credit Card,0
2024/01/28 06:31,UBS,5553,Deutsche,8915,1435.4,USD,1435.4,USD,Cheque,0
2024/03/27 14:32,Citibank,5459,HSBC,6044,4241.73,USD,4241.73,USD,ACH,0
2024/03/24 01:15,Deutsche,6585,Chase,3201,10722.91,USD,10722.91,USD,ACH,0
2024/01/03 10:02,BNP,8321,UBS,4852,3123.49,USD,3123.49,USD,Wire,0
2024/03/04 16:25,Citibank,8005,BNP,5302,9495.26,USD,9495.26,USD,Wire,0
2024/02/15 05:15,Chase,6058,Chase,2947,3058.17,USD,3058.17,USD,ACH,0
2024/01/13 23:20,BNP,6536,HSBC,8845,10782.11,USD,10782.11,USD,Wire,0
2024/01/31 18:16,BNP,8253,HSBC,1146,3969.2,USD,3969.2,USD,Cheque,0
2024/01/17 21:37,UBS,6165,Citibank,1963,6949.63,USD,6949.63,USD,ACH,0
2024/02/26 10:51,BNP,2853,UBS,2822,4226.14,USD,4226.14,USD,Bitcoin,0
2024/01/12 07:12,Barclays,3502,UBS,7427,8467.25,GBP,8467.25,GBP,ACH,0
2024/01/06 16:07,Wells,2290,BNP,5690,12693.54,USD,12693.54,USD,Credit Card,0
2024/02/27 20:03,Barclays,3376,Citibank,1754,50.0,USD,50.0,USD,Wire,0
2024/01/19 14:33,HSBC,2603,HSBC,3406,6773.16,USD,6773.16,USD,ACH,0
2024/01/12 11:14,Deutsche,2117,Citibank,3313,7331.65,USD,7331.65,USD,ACH,0
2024/03/07 09:02,BNP,5924,Citibank,9444,3740.65,USD,3740.65,USD,Wire,0
2024/03/25 14:22,BNP,2193,Deutsche,3508,9711.63,EUR,9711.63,EUR,Wire,0
2024/01/08 10:40,Barclays,6389,Wells,2029,709.24,USD,709.24,USD,ACH,0
2024/02/11 22:14,HSBC,6549,Wells,1743,10023.3,USD,10023.3,USD,ACH,0
2024/03/27 17:10,Deutsche,3000,Chase,2417,13131.64,USD,13131.64,USD,Wire,0
2024/01/23 14:30,Barclays,5820,UBS,3183,2015.2,USD,2015.2,USD,ACH,0
2024/03/10 09:29,Barclays,2070,Deutsche,5306,3815.01,USD,3815.01,USD,Wire,0
2024/02/23 18:10,Wells,8347,Wells,4098,5213.88,USD,5213.88,USD,Cheque,0
2024/03/09 14:37,Chase,1547,Deutsche,9050,6176.09,USD,6176.09,USD,ACH,0
2024/02/13 16:00,Wells,5241,Barclays,9809,9052.97,GBP,9052.97,GBP,ACH,0
2024/03/08 16:00,Barclays,7555,Deutsche,5132,6807.06,USD,6807.06,USD,ACH,0
2024/03/09 03:24,UBS,4992,UBS,4736,6393.35,USD,6393.35,USD,Cheque,0
2024/01/25 01:45,Chase,3450,UBS,1634,3860.79,USD,3860.79,USD,Bitcoin,0
2024/02/09 00:59,Wells,1201,Chase,1927,4977.69,GBP,4977.69,GBP,Wire,0
2024/01/04 23:57,Citibank,5642,Deutsche,3098,50.0,EUR,50.0,EUR,ACH,0
2024/01/18 09:55,HSBC,3793,Barclays,8915,2478.54,USD,2478.54,USD,Cheque,0
2024/01/23 06:31,Barclays,6535,UBS,3060,2923.54,USD,2923.54,USD,Wire,0
2024/03/02 10:13,Chase,1326,Citibank,1834,5244.16,USD,5244.16,USD,ACH,0
2024/02/01 03:29,Wells,9499,HSBC,2166,9458.45,EUR,9458.45,EUR,Cheque,0
2024/01/22 23:44,Deutsche,2557,Deutsche,5697,5363.72,USD,5363.72,USD,Credit Card,0
2024/01/22 16:37,Chase,5686,HSBC,2212,6074.31,USD,6074.31,USD,ACH,0
2024/01/27 05:29,Chase,8177,Wells,2965,8485.6,USD,8485.6,USD,ACH,0
2024/03/17 02:20,UBS,1234,HSBC,6182,4400.99,USD,4400.99,USD,ACH,0
2024/02/28 01:54,Barclays,4819,Citibank,9070,6384.05,EUR,6384.05,EUR,Cheque,0
2024/02/12 07:34,Chase,1815,Chase,5551,2382.84,USD,2382.84,USD,Credit Card,0
2024/01/24 12:43,HSBC,5903,Wells,4223,4052.5,USD,4052.5,USD,Wire,0
2024/02/10 20:01,Citibank,8845,Barclays,4931,50.0,USD,50.0,USD,Wire,0
2024/02/29 22:42,Citibank,2187,Chase,3596,6535.69,GBP,6535.69,GBP,Credit Card,0
2024/02/05 18:07,Chase,5911,BNP,2878,8029.06,USD,8029.06,USD,Wire,0
2024/01/27 00:43,Citibank,6487,Citibank,3621,4816.86,USD,4816.86,USD,ACH,0
2024/01/02 03:14,Citibank,2451,Wells,8580,5049.52,USD,5049.52,USD,Wire,0
2024/01/10 18:22,Chase,2651,Deutsche,4750,4079.4,EUR,4079.4,EUR,Wire,0
2024/01/08 12:00,Barclays,9500,UBS,2774,559.36,EUR,559.36,EUR,Cheque,0
2024/01/27 08:33,Citibank,6649,Citibank,7957,50.0,USD,50.0,USD,Wire,0
2024/03/10 20:29,Barclays,6000,BNP,1952,8024.15,USD,8024.15,USD,Bitcoin,0
2024/03/29 19:50,Deutsche,6954,Deutsche,2280,4267.63,USD,4267.63,USD,Wire,0
2024/03/21 20:10,HSBC,2815,UBS,1209,7940.7,USD,7940.7,USD,ACH,0
2024/03/13 03:32,Barclays,7550,UBS,2825,4082.97,USD,4082.97,USD,Cheque,0
2024/01/20 07:19,Citibank,1682,HSBC,2574,6207.1,USD,6207.1,USD,Cheque,0
2024/01/13 13:50,HSBC,5529,BNP,2490,6579.67,USD,6579.67,USD,Cash,0
2024/02/04 11:49,UBS,4807,UBS,7111,9832.7,USD,9832.7,USD,Credit Card,0
2024/03/22 03:47,Chase,7014,Chase,7015,27116.13,USD,27116.13,USD,Wire,1
2024/01/07 08:05,BNP,6017,Wells,4029,9319.83,USD,9319.83,USD,Bitcoin,0
2024/02/27 15:05,Chase,9001,HSBC,5799,13373.82,USD,13373.82,USD,ACH,1
2024/01/10 10:57,Barclays,1789,HSBC,6922,5614.82,USD,5614.82,USD,ACH,0
2024/01/03 03:43,BNP,9561,UBS,7058,1835.47,GBP,1835.47,GBP,Wire,0
2024/02/13 03:27,Wells,5479,BNP,4949,3054.75,USD,3054.75,USD,ACH,0
2024/01/24 06:21,UBS,8652,Chase,1372,6161.49,USD,6161.49,USD,ACH,0
2024/02/17 20:54,Barclays,4809,Wells,4982,2240.06,USD,2240.06,USD,Bitcoin,0
2024/01/15 04:06,UBS,6588,Citibank,8962,4525.1,USD,4525.1,USD,Wire,0
2024/01/06 07:15,Citibank,4534,BNP,9846,5796.27,EUR,5796.27,EUR,ACH,0
2024/01/31 07:28,Deutsche,2430,Barclays,9569,5307.27,GBP,5307.27,GBP,Cheque,0
2024/03/13 06:52,UBS,7798,Citibank,3609,7875.53,EUR,7875.53,EUR,ACH,0
2024/02/24 09:30,BNP,4731,Barclays,8005,2713.22,USD,2713.22,USD,Cash,1
2024/01/12 02:22,UBS,2165,Citibank,6959,6700.05,GBP,6700.05,GBP,Wire,0
2024/02/16 05:49,HSBC,6759,Citibank,9032,6440.92,USD,6440.92,USD,ACH,0
2024/01/14 01:52,Deutsche,3202,Wells,7977,3394.91,USD,3394.91,USD,ACH,0
2024/01/09 19:47,BNP,9231,BNP,7935,7075.59,EUR,7075.59,EUR,ACH,0
2024/03/18 15:44,Chase,9134,Chase,9237,7974.31,USD,7974.31,USD,Wire,0
2024/02/04 07:40,Wells,6631,BNP,3173,6012.48,USD,6012.48,USD,ACH,0
2024/03/14 15:09,UBS,2150,Citibank,1046,791.93,USD,791.93,USD,ACH,0
2024/02/01 22:17,Citibank,4953,UBS,3332,5530.36,USD,5530.36,USD,ACH,0
2024/02/04 15:30,UBS,9707,Citibank,6371,2043.87,USD,2043.87,USD,Wire,0
2024/02/11 09:03,BNP,2790,Deutsche,8002,6135.4,USD,6135.4,USD,ACH,0
2024/01/26 13:28,Chase,3168,Chase,9759,3589.97,EUR,3589.97,EUR,Wire,0
2024/02/06 06:19,Barclays,8558,UBS,2687,10133.3,USD,10133.3,USD,Cheque,0
2024/02/06 08:53,BNP,5221,Barclays,2002,247.35,USD,247.35,USD,Wire,0
2024/03/12 00:35,HSBC,2454,Deutsche,2971,855.26,USD,855.26,USD,Wire,0
2024/02/01 11:34,Chase,5066,Deutsche,8002,3083.93,USD,3083.93,USD,ACH,1
2024/01/12 18:31,HSBC,3128,BNP,9247,10154.3,USD,10154.3,USD,Credit Card,0
2024/01/27 20:26,Deutsche,3612,Wells,2678,6933.54,USD,6933.54,USD,ACH,0
2024/02/05 20:45,Wells,1186,HSBC,5676,3679.73,USD,3679.73,USD,Credit Card,0
2024/03/26 04:04,BNP,5422,Deutsche,7634,8146.71,USD,8146.71,USD,Wire,0
2024/02/10 16:38,Deutsche,8538,BNP,8241,4841.12,USD,4841.12,USD,Cheque,0
2024/01/30 03:44,UBS,8708,Barclays,7582,5845.49,USD,5845.49,USD,Wire,0
2024/01/20 22:42,Deutsche,6203,Deutsche,2231,1896.93,USD,1896.93,USD,Credit Card,0
2024/03/31 13:27,UBS,7087,Citibank,2324,4598.51,USD,4598.51,USD,Credit Card,0
2024/03/13 07:04,Wells,6333,UBS,4576,4165.05,USD,4165.05,USD,Wire,0
2024/03/12 15:48,Wells,1659,Citibank,5768,1781.0,USD,1781.0,USD,Wire,0
2024/03/23 14:39,Barclays,1295,UBS,5122,2798.15,USD,2798.15,USD,ACH,0
2024/01/22 15:02,Chase,2605,Citibank,8352,4219.77,EUR,4219.77,EUR,Cheque,0
2024/02/24 19:39,HSBC,9002,Barclays,4028,10871.24,USD,10871.24,USD,Wire,1
2024/02/11 23:02,Deutsche,4693,Chase,5609,3852.02,EUR,3852.02,EUR,ACH,0
2024/01/14 23:21,Citibank,4891,Barclays,7530,7677.12,USD,7677.12,USD,Credit Card,0
2024/02/21 15:17,Citibank,9658,BNP,7316,1975.93,USD,1975.93,USD,ACH,0
2024/02/03 18:48,Barclays,5541,HSBC,1266,8006.1,GBP,8006.1,GBP,ACH,0
2024/02/28 03:35,Chase,5845,Barclays,8714,2020.02,USD,2020.02,USD,Wire,0
2024/03/25 16:35,Citibank,7828,HSBC,3166,50.0,USD,50.0,USD,ACH,0
2024/01/28 20:19,HSBC,5710,HSBC,2825,6534.2,USD,6534.2,USD,Wire,0
2024/01/18 01:44,UBS,7756,HSBC,6356,50.0,USD,50.0,USD,Credit Card,0
2024/01/26 00:12,UBS,4583,BNP,9984,4015.79,USD,4015.79,USD,Credit Card,0
2024/02/27 02:40,Chase,9001,UBS,6051,7806.11,USD,7806.11,USD,ACH,1
2024/02/10 06:38,Barclays,2423,Chase,4144,4242.28,USD,4242.28,USD,Cheque,0
2024/01/26 17:43,UBS,2057,HSBC,9768,9670.68,USD,9670.68,USD,ACH,0
2024/03/20 07:08,Barclays,8924,Barclays,2706,6884.45,GBP,6884.45,GBP,Wire,0
2024/03/28 12:38,HSBC,9360,Barclays,8338,3567.74,USD,3567.74,USD,Wire,0
2024/03/11 08:05,Wells,3139,HSBC,9884,5429.9,EUR,5429.9,EUR,Cheque,0
2024/03/02 08:57,Deutsche,3854,Barclays,8001,3701.82,USD,3701.82,USD,Cash,1
2024/03/20 23:43,Barclays,2828,Chase,8754,9311.78,GBP,9311.78,GBP,Bitcoin,0
2024/01/02 13:50,Chase,3518,BNP,9107,8247.03,EUR,8247.03,EUR,Wire,0
2024/02/01 03:42,HSBC,1130,Barclays,9265,1161.83,EUR,1161.83,EUR,ACH,0
2024/01/27 08:37,Barclays,3240,Wells,4292,4161.23,GBP,4161.23,GBP,Cheque,0
2024/01/26 07:11,Citibank,8834,Deutsche,7759,3308.38,USD,3308.38,USD,ACH,0
2024/02/16 22:24,Citibank,4835,Wells,8475,4587.94,USD,4587.94,USD,Wire,0
2024/02/17 21:10,BNP,2551,Chase,8847,3054.92,GBP,3054.92,GBP,Wire,0
2024/01/05 15:17,HSBC,6352,UBS,2121,2046.04,USD,2046.04,USD,Wire,0
2024/02/09 20:33,BNP,9883,Wells,3896,3672.42,USD,3672.42,USD,Wire,0
2024/01/20 02:34,Barclays,4888,Wells,5768,3490.99,EUR,3490.99,EUR,Wire,0
2024/02/10 21:12,HSBC,4279,Chase,9930,6770.93,USD,6770.93,USD,Credit Card,0
2024/01/15 21:14,HSBC,8057,Wells,1711,6356.76,USD,6356.76,USD,Wire,0
2024/02/13 19:34,Deutsche,4599,HSBC,2098,5688.37,USD,5688.37,USD,ACH,0
2024/03/08 20:13,BNP,6675,BNP,9933,2128.54,GBP,2128.54,GBP,Credit Card,0
2024/03/08 22:07,Citibank,7386,Chase,2364,6439.2,USD,6439.2,USD,Cheque,0
2024/02/17 16:49,Barclays,6266,Wells,7358,4295.1,USD,4295.1,USD,Wire,0
2024/02/07 10:54,Barclays,1353,BNP,4152,3936.66,USD,3936.66,USD,Cheque,0
2024/02/24 08:51,Wells,8126,HSBC,9376,10411.79,USD,10411.79,USD,Cheque,0
2024/01/29 23:13,Wells,1635,Wells,1327,7386.38,USD,7386.38,USD,Wire,0
2024/01/07 15:06,HSBC,5276,UBS,7778,6522.99,USD,6522.99,USD,ACH,0
2024/02/02 23:49,HSBC,9656,HSBC,4077,50.0,EUR,50.0,EUR,Wire,0
2024/02/16 09:53,HSBC,5955,BNP,8004,7542.38,USD,7542.38,USD,Cash,1
2024/02/11 05:03,Chase,9426,UBS,5801,9338.31,GBP,9338.31,GBP,ACH,0
2024/01/16 16:00,Wells,9350,Barclays,8395,5406.28,USD,5406.28,USD,Wire,0
2024/01/22 04:40,Chase,7802,HSBC,2136,6148.69,USD,6148.69,USD,Bitcoin,0
2024/02/26 09:49,Wells,8312,Barclays,7949,1484.72,USD,1484.72,USD,ACH,0
2024/02/08 09:07,Deutsche,2501,BNP,4710,4099.05,USD,4099.05,USD,Wire,0
2024/01/01 20:37,HSBC,2249,Barclays,1891,8679.6,USD,8679.6,USD,Wire,0
2024/02/07 02:56,UBS,6926,Citibank,7300,4453.76,USD,4453.76,USD,Wire,0
2024/03/21 12:29,Barclays,2165,Chase,4690,11399.48,EUR,11399.48,EUR,ACH,0
2024/03/30 00:22,Chase,1083,HSBC,4599,6312.55,USD,6312.55,USD,Wire,0
2024/02/29 21:34,Deutsche,9412,Deutsche,6829,4387.19,USD,4387.19,USD,Credit Card,0
2024/01/11 01:44,Wells,6171,HSBC,3686,4678.37,EUR,4678.37,EUR,Cheque,0
2024/01/14 14:13,Citibank,9453,BNP,1404,7169.79,USD,7169.79,USD,Credit Card,0
2024/03/16 05:41,Barclays,2703,Wells,3915,10274.33,USD,10274.33,USD,Wire,0
2024/01/17 21:20,Citibank,7361,Citibank,6378,50.0,USD,50.0,USD,Cheque,0
2024/01/29 00:13,Citibank,8825,Barclays,1815,8079.28,USD,8079.28,USD,ACH,0
2024/03/28 13:43,HSBC,9342,Wells,9977,9180.56,EUR,9180.56,EUR,ACH,0
2024/03/07 18:54,Chase,5439,HSBC,8518,3102.33,USD,3102.33,USD,Wire,0
2024/01/16 16:16,BNP,6161,HSBC,9640,8219.03,EUR,8219.03,EUR,Wire,0
2024/02/01 12:42,Barclays,6499,Barclays,6359,143.4,GBP,143.4,GBP,Credit Card,0
2024/03/11 09:47,Citibank,8457,Deutsche,2761,7543.55,USD,7543.55,USD,Wire,0
2024/01/22 20:39,Citibank,6802,Chase,9797,4380.2,GBP,4380.2,GBP,ACH,0
2024/01/23 05:52,HSBC,9546,HSBC,8900,4915.06,USD,4915.06,USD,Wire,0
2024/01/27 23:14,Barclays,6505,Deutsche,3601,3256.04,EUR,3256.04,EUR,ACH,0
2024/01/28 10:28,Citibank,8289,Chase,5432,7194.48,USD,7194.48,USD,Cash,0
2024/03/15 19:42,Citibank,9054,UBS,3651,3902.2,USD,3902.2,USD,Wire,0
2024/03/17 08:25,Chase,3054,BNP,4119,7697.69,USD,7697.69,USD,ACH,0
2024/02/20 10:43,Barclays,6360,Citibank,8003,5891.44,USD,5891.44,USD,ACH,1
2024/01/16 01:02,BNP,5651,Wells,5528,6180.25,GBP,6180.25,GBP,ACH,0
2024/03/29 03:08,Wells,5457,Citibank,5098,7164.99,EUR,7164.99,EUR,ACH,0
2024/02/15 23:46,Citibank,1654,BNP,8004,8220.71,USD,8220.71,USD,Cash,1
2024/02/29 06:57,UBS,1820,HSBC,1312,12715.79,EUR,12715.79,EUR,Wire,0
2024/02/05 07:46,Citibank,8814,Wells,4188,11862.35,GBP,11862.35,GBP,Wire,0
2024/03/19 08:50,UBS,3900,Citibank,9089,1536.24,USD,1536.24,USD,Wire,0
2024/02/03 05:58,HSBC,9449,UBS,6442,4840.28,USD,4840.28,USD,Wire,0
2024/02/02 21:35,Deutsche,5764,UBS,4951,4803.11,USD,4803.11,USD,ACH,0
2024/02/22 20:52,UBS,2026,Citibank,5802,9874.36,EUR,9874.36,EUR,Cheque,0
2024/03/02 03:44,BNP,3819,Citibank,5747,7711.48,USD,7711.48,USD,Wire,0
2024/01/06 18:18,Wells,5420,Wells,2082,9479.9,USD,9479.9,USD,Wire,0
2024/01/03 10:55,Citibank,2670,Deutsche,3453,4392.05,USD,4392.05,USD,Wire,0
2024/03/17 15:15,HSBC,7314,Chase,8912,6528.95,GBP,6528.95,GBP,ACH,0
2024/02/11 08:32,Chase,8183,Deutsche,3362,6635.73,GBP,6635.73,GBP,Wire,0
2024/01/06 15:32,Chase,8338,HSBC,8777,7103.11,EUR,7103.11,EUR,Cheque,0
2024/02/01 07:26,UBS,6955,Deutsche,8002,5063.96,USD,5063.96,USD,Cash,1
2024/03/25 01:43,Barclays,1120,Wells,7543,2605.56,USD,2605.56,USD,Cheque,0
2024/03/31 16:43,Wells,6973,Citibank,6718,884.67,USD,884.67,USD,Credit Card,0
2024/02/26 02:59,Chase,2825,HSBC,6885,455.32,USD,455.32,USD,ACH,0
2024/03/21 16:13,Deutsche,4349,UBS,5306,3468.63,USD,3468.63,USD,ACH,0
2024/02/08 00:04,Wells,2663,Chase,4248,6353.69,USD,6353.69,USD,ACH,0
2024/03/29 07:54,Barclays,9367,Citibank,1583,5218.77,USD,5218.77,USD,ACH,0
2024/03/31 06:05,BNP,5897,HSBC,3933,7886.49,USD,7886.49,USD,Credit Card,0
2024/03/16 03:51,BNP,7132,Barclays,6820,5014.87,USD,5014.87,USD,Cash,0
2024/01/23 23:18,Citibank,4967,HSBC,7868,5094.72,EUR,5094.72,EUR,ACH,0
2024/01/30 04:26,Chase,3407,Citibank,8905,3389.79,GBP,3389.79,GBP,ACH,0
2024/02/29 20:05,Deutsche,1426,Chase,5089,387.67,USD,387.67,USD,ACH,0
2024/02/01 21:19,Deutsche,2623,Citibank,9013,11223.35,USD,11223.35,USD,Cheque,0
2024/03/29 18:47,Deutsche,1036,BNP,4463,2851.34,USD,2851.34,USD,Wire,0
2024/01/28 11:43,Chase,2337,Citibank,8894,5369.93,USD,5369.93,USD,Wire,0
2024/03/20 06:36,Wells,2485,Wells,4669,4280.86,USD,4280.86,USD,Credit Card,0
2024/01/16 15:33,Citibank,3119,Barclays,3989,4197.12,USD,4197.12,USD,Cheque,0
2024/03/16 07:07,Citibank,7002,BNP,7003,16851.65,USD,16851.65,USD,Wire,1
2024/01/05 10:21,Deutsche,4367,UBS,7462,3565.51,USD,3565.51,USD,Wire,0
2024/03/28 11:57,BNP,1770,Barclays,3766,1869.95,EUR,1869.95,EUR,ACH,0
2024/03/13 21:33,Chase,2575,Citibank,8369,9607.72,USD,9607.72,USD,ACH,0
2024/03/10 00:54,HSBC,7009,HSBC,7010,17928.17,USD,17928.17,USD,Wire,1
2024/03/11 22:39,BNP,6367,Deutsche,3876,7386.07,USD,7386.07,USD,Wire,0
2024/02/25 03:58,Chase,4737,Barclays,9822,7113.24,USD,7113.24,USD,ACH,0
2024/01/04 22:53,Barclays,1017,Wells,7939,9343.14,USD,9343.14,USD,ACH,0
2024/02/08 15:42,Wells,9002,UBS,6554,11166.43,EUR,11166.43,EUR,ACH,0
2024/02/20 20:53,BNP,1545,Citibank,8003,8687.58,USD,8687.58,USD,ACH,1
2024/01/30 11:28,HSBC,6661,HSBC,7262,4635.2,USD,4635.2,USD,Credit Card,0
2024/02/04 01:49,Barclays,4076,UBS,7220,4353.72,EUR,4353.72,EUR,Wire,0
2024/03/31 18:41,BNP,1298,HSBC,6539,9755.78,EUR,9755.78,EUR,Wire,0
2024/01/23 06:37,Citibank,2986,BNP,3468,8038.44,EUR,8038.44,EUR,Bitcoin,0
2024/03/04 12:50,Chase,8935,Deutsche,9546,3142.05,USD,3142.05,USD,Cheque,0
2024/03/20 10:18,Deutsche,7825,Chase,8332,4485.2,GBP,4485.2,GBP,Cash,0
2024/03/28 05:48,BNP,6173,Citibank,6359,2884.43,USD,2884.43,USD,ACH,0
2024/02/25 14:21,BNP,2060,Barclays,8005,4161.17,USD,4161.17,USD,Cash,1
2024/01/12 13:15,HSBC,3861,Citibank,4350,6177.5,USD,6177.5,USD,Wire,0
2024/03/28 00:58,HSBC,5441,BNP,9333,2586.51,USD,2586.51,USD,Wire,0
2024/01/18 00:55,Barclays,4332,HSBC,8951,12233.73,USD,12233.73,USD,ACH,0
2024/01/28 13:31,Wells,8216,Barclays,3549,1012.1,USD,1012.1,USD,Wire,0
2024/03/24 14:41,Chase,8141,Wells,6314,6162.88,EUR,6162.88,EUR,ACH,0
2024/03/18 05:09,Chase,7008,HSBC,7009,44045.24,USD,44045.24,USD,Wire,1
2024/02/27 05:09,Citibank,7502,Deutsche,3946,3101.47,USD,3101.47,USD,Cheque,0
2024/03/09 08:42,Chase,3354,Deutsche,5056,6363.6,USD,6363.6,USD,Wire,0
2024/02/27 12:43,BNP,2754,Citibank,8709,654.93,USD,654.93,USD,ACH,0
2024/03/24 04:18,Chase,7001,Citibank,7002,22577.6,USD,22577.6,USD,Wire,1
2024/01/31 02:16,Deutsche,7948,Wells,6679,7401.26,USD,7401.26,USD,Wire,0
2024/01/19 12:19,HSBC,2678,Deutsche,9251,1555.6,USD,1555.6,USD,ACH,0
2024/01/03 22:35,Chase,9901,Deutsche,5965,3318.95,USD,3318.95,USD,Wire,0
2024/02/20 23:33,Barclays,4253,Citibank,8003,6287.96,USD,6287.96,USD,Cash,1
2024/02/23 17:14,Barclays,6277,Deutsche,8137,2876.61,USD,2876.61,USD,Wire,0
2024/01/25 20:38,Wells,9391,Deutsche,1268,4982.7,EUR,4982.7,EUR,Wire,0
2024/03/22 14:23,BNP,7747,BNP,8416,4827.29,USD,4827.29,USD,Wire,0
2024/02/06 12:21,Chase,1626,Barclays,3200,5839.46,USD,5839.46,USD,Wire,0
2024/01/23 11:09,Chase,7761,Chase,8024,8217.6,EUR,8217.6,EUR,Wire,0
2024/02/08 12:40,Citibank,9576,Barclays,5961,6066.13,USD,6066.13,USD,Wire,0
2024/03/26 05:40,UBS,9403,UBS,2570,2665.48,USD,2665.48,USD,Credit Card,0
2024/01/14 17:51,Barclays,6867,Chase,4259,9258.39,GBP,9258.39,GBP,Cheque,0
2024/03/31 09:30,UBS,6947,Deutsche,1957,2673.17,USD,2673.17,USD,Cheque,0
2024/03/13 22:13,Chase,3368,HSBC,9904,7973.2,USD,7973.2,USD,Wire,0
2024/01/28 18:56,UBS,1140,UBS,8907,3555.68,USD,3555.68,USD,Wire,0
2024/02/20 15:09,Citibank,3461,Citibank,8003,6962.46,USD,6962.46,USD,Cash,1
2024/03/20 03:32,Deutsche,7013,Chase,7014,33120.69,USD,33120.69,USD,Wire,1
2024/02/20 11:03,Citibank,4280,Citibank,8003,6161.39,USD,6161.39,USD,ACH,1
2024/01/30 17:10,Deutsche,2423,Barclays,8830,10994.87,USD,10994.87,USD,ACH,0
2024/01/24 10:39,HSBC,7005,Deutsche,7006,14256.78,USD,14256.78,USD,Wire,1
2024/01/30 15:44,Barclays,5229,Citibank,8459,12337.94,USD,12337.94,USD,Credit Card,0
2024/03/03 04:13,Barclays,4138,Chase,7702,2052.63,USD,2052.63,USD,Wire,0
2024/03/09 16:01,Citibank,8801,Barclays,9826,4621.29,USD,4621.29,USD,ACH,0
2024/03/17 13:10,Chase,2790,Citibank,7675,2700.83,USD,2700.83,USD,Wire,0
2024/01/26 17:18,Citibank,1301,BNP,2359,6544.35,USD,6544.35,USD,Wire,0
2024/02/14 22:10,Citibank,6873,UBS,4271,4267.44,EUR,4267.44,EUR,Wire,0
2024/01/21 13:25,Barclays,2473,BNP,6612,2025.35,USD,2025.35,USD,Wire,0
2024/03/07 20:34,UBS,8796,Wells,1366,1087.95,USD,1087.95,USD,Wire,0
2024/03/04 23:24,Barclays,1764,UBS,2710,6286.24,USD,6286.24,USD,ACH,0
2024/01/22 11:32,Deutsche,7006,Wells,7007,41251.76,USD,41251.76,USD,Wire,1
2024/02/15 02:49,Wells,6011,Wells,9136,9062.9,USD,9062.9,USD,Bitcoin,0
2024/02/02 06:58,Barclays,5058,Deutsche,1274,9558.16,USD,9558.16,USD,Bitcoin,0
2024/02/11 04:27,HSBC,9420,Citibank,4625,965.77,USD,965.77,USD,Wire,0
2024/02/16 15:47,UBS,7227,HSBC,1915,7365.83,USD,7365.83,USD,Cheque,0
2024/02/23 05:05,Deutsche,6361,Deutsche,4062,6924.3,USD,6924.3,USD,Credit Card,0
2024/02/12 00:24,Chase,6419,Deutsche,6239,4128.61,USD,4128.61,USD,ACH,0
2024/01/30 13:31,HSBC,3786,Wells,5954,4820.44,USD,4820.44,USD,Cheque,0
2024/01/15 14:07,Citibank,5252,Citibank,6995,3355.52,EUR,3355.52,EUR,Wire,0
2024/03/27 22:28,BNP,8851,Wells,9283,7546.6,EUR,7546.6,EUR,Credit Card,0
2024/02/13 00:33,Wells,2489,Deutsche,6747,7896.03,USD,7896.03,USD,Cash,0
2024/03/09 08:04,Citibank,9162,Deutsche,7334,4889.88,EUR,4889.88,EUR,Bitcoin,0
2024/03/06 06:20,Citibank,8961,Chase,3082,4905.25,USD,4905.25,USD,Wire,0
2024/02/06 02:54,Barclays,3962,HSBC,7812,5513.72,USD,5513.72,USD,Cheque,0
2024/03/04 09:11,Chase,1811,Deutsche,2730,8331.69,USD,8331.69,USD,Wire,0
2024/01/31 01:24,BNP,5551,Deutsche,8002,7395.97,USD,7395.97,USD,ACH,1
2024/03/11 20:37,Chase,3763,Citibank,2008,6830.39,USD,6830.39,USD,ACH,0
2024/02/18 04:55,Citibank,9120,Deutsche,7392,2571.45,USD,2571.45,USD,Wire,0
2024/01/28 15:29,Chase,7662,Wells,3193,3056.82,EUR,3056.82,EUR,Wire,0
2024/03/01 20:47,HSBC,6151,Barclays,8001,7230.26,USD,7230.26,USD,ACH,1
2024/02/26 21:52,HSBC,9882,HSBC,2232,7965.01,USD,7965.01,USD,Wire,0
2024/01/19 14:24,Chase,4800,Deutsche,9731,5397.71,USD,5397.71,USD,Wire,0
2024/01/11 10:10,Wells,6826,Chase,5563,732.11,USD,732.11,USD,Wire,0
2024/02/09 20:14,Deutsche,1292,Chase,4217,3687.28,USD,3687.28,USD,ACH,0
2024/03/21 01:53,Wells,2660,BNP,6343,3140.14,GBP,3140.14,GBP,Wire,0
2024/01/15 03:28,Wells,8100,Wells,3327,591.0,USD,591.0,USD,Wire,0
2024/01/31 07:27,UBS,1515,Deutsche,1086,5680.62,USD,5680.62,USD,ACH,0
2024/02/12 15:45,Deutsche,3135,Wells,2824,4685.05,USD,4685.05,USD,Credit Card,0
2024/03/13 11:17,UBS,9169,BNP,5574,7849.04,EUR,7849.04,EUR,Wire,0
2024/02/12 00:30,Citibank,2859,Deutsche,3324,3512.52,USD,3512.52,USD,Cheque,0
2024/03/07 23:11,UBS,1005,Barclays,9147,732.2,GBP,732.2,GBP,Wire,0
2024/03/24 04:32,Barclays,5060,Citibank,9026,4066.4,GBP,4066.4,GBP,ACH,0
2024/02/23 14:01,HSBC,7531,HSBC,4238,6982.02,USD,6982.02,USD,ACH,0
2024/01/14 18:50,Barclays,7808,Wells,6013,6148.61,EUR,6148.61,EUR,Cheque,0
2024/01/20 07:36,Wells,1856,Citibank,3694,9653.53,EUR,9653.53,EUR,Credit Card,0
2024/03/18 00:11,HSBC,7009,HSBC,7010,39384.84,USD,39384.84,USD,Wire,1
2024/02/16 20:55,Deutsche,9400,UBS,3345,6274.05,USD,6274.05,USD,Cheque,0
2024/02/21 20:58,UBS,1405,Citibank,8003,2920.68,USD,2920.68,USD,Cash,1
2024/03/18 11:18,HSBC,8853,UBS,7516,5746.17,USD,5746.17,USD,Wire,0
2024/02/02 23:46,Citibank,3811,Chase,8583,7766.74,USD,7766.74,USD,ACH,0
2024/03/21 18:03,HSBC,7664,HSBC,2570,4433.75,GBP,4433.75,GBP,ACH,0
2024/01/01 08:45,Barclays,1632,Barclays,3744,4464.95,EUR,4464.95,EUR,Wire,0
2024/02/27 00:36,Barclays,9236,Citibank,2603,5492.44,USD,5492.44,USD,ACH,0
2024/02/26 22:02,BNP,4333,Wells,3531,6773.76,USD,6773.76,USD,Cheque,0
2024/02/26 23:40,BNP,6840,Deutsche,8997,793.71,USD,793.71,USD,Wire,0
2024/02/02 14:48,BNP,8667,Wells,6442,7387.62,USD,7387.62,USD,Credit Card,0
2024/01/19 00:51,Citibank,3581,Wells,8085,7349.41,USD,7349.41,USD,Cheque,0
2024/02/26 23:09,Deutsche,4696,Barclays,6423,4024.52,EUR,4024.52,EUR,Bitcoin,0
2024/02/23 11:11,Barclays,4767,BNP,9308,3646.31,EUR,3646.31,EUR,Wire,0
2024/01/21 17:52,HSBC,4707,Chase,4279,10305.28,USD,10305.28,USD,Credit Card,0
2024/03/27 10:55,UBS,6097,Barclays,9096,3826.41,USD,3826.41,USD,Credit Card,0
2024/02/08 05:51,Barclays,1238,Barclays,8626,6258.49,USD,6258.49,USD,Cash,0
2024/03/02 20:04,Wells,9345,HSBC,4861,4762.39,USD,4762.39,USD,Wire,0
2024/02/20 03:10,HSBC,7233,Deutsche,7128,4810.98,EUR,4810.98,EUR,Cheque,0
2024/03/29 21:06,Citibank,1148,BNP,7715,5482.83,GBP,5482.83,GBP,Cheque,0
2024/01/21 20:10,HSBC,1183,Wells,7802,8574.65,EUR,8574.65,EUR,Wire,0
2024/01/13 23:00,BNP,9482,Deutsche,1838,5826.91,USD,5826.91,USD,Wire,0
2024/01/30 08:19,Barclays,7510,Wells,8182,50.0,USD,50.0,USD,Wire,0
2024/01/10 09:34,Chase,2964,BNP,7255,7421.29,USD,7421.29,USD,Wire,0
2024/02/10 10:31,Wells,2264,Barclays,9434,4887.64,GBP,4887.64,GBP,ACH,0
2024/01/26 18:36,Deutsche,5860,BNP,1027,6139.26,USD,6139.26,USD,Wire,0
2024/02/29 02:52,BNP,1916,Citibank,5215,8280.6,EUR,8280.6,EUR,Wire,0
2024/03/07 12:47,HSBC,3020,Wells,3507,4518.87,EUR,4518.87,EUR,Cheque,0
2024/03/02 09:18,BNP,1582,HSBC,5957,8032.34,USD,8032.34,USD,Wire,0
2024/01/12 10:45,HSBC,8749,HSBC,5173,8396.15,USD,8396.15,USD,Wire,0
2024/01/21 15:06,Chase,9543,Wells,1765,9356.26,USD,9356.26,USD,Cheque,0
2024/01/04 12:10,Deutsche,4745,Citibank,5269,2286.64,EUR,2286.64,EUR,Wire,0
2024/02/15 15:58,HSBC,5339,BNP,8004,2794.23,USD,2794.23,USD,Cash,1
2024/02/24 13:43,BNP,6294,Citibank,9447,50.0,EUR,50.0,EUR,ACH,0
2024/02/05 09:46,Citibank,8177,BNP,2950,8251.19,EUR,8251.19,EUR,Wire,0
2024/02/05 07:31,Wells,9968,Chase,4863,4456.33,USD,4456.33,USD,Wire,0
2024/02/28 06:02,Chase,9001,Deutsche,3588,8606.57,USD,8606.57,USD,Credit Card,1
2024/03/15 07:12,Deutsche,6784,UBS,6756,10249.26,USD,10249.26,USD,Cheque,0
2024/01/18 11:58,Deutsche,3116,UBS,7567,1020.95,USD,1020.95,USD,ACH,0
2024/02/09 06:00,BNP,6709,BNP,3824,2779.01,USD,2779.01,USD,Wire,0
2024/02/24 21:44,UBS,2588,Citibank,7345,4088.2,EUR,4088.2,EUR,Wire,0
2024/02/15 23:39,Barclays,7457,Chase,6565,3319.1,USD,3319.1,USD,Wire,0
2024/03/21 23:47,Chase,5671,HSBC,7682,244.24,USD,244.24,USD,Cheque,0
2024/01/12 22:20,Wells,5280,Wells,5445,6215.72,USD,6215.72,USD,ACH,0
2024/03/24 02:36,Deutsche,7012,Deutsche,7013,33532.25,USD,33532.25,USD,Wire,1
2024/01/24 14:36,Deutsche,3266,Wells,5641,4736.12,EUR,4736.12,EUR,Credit Card,0
2024/03/09 06:34,BNP,8909,Deutsche,8812,1460.08,USD,1460.08,USD,Credit Card,0
2024/02/06 11:57,Barclays,8568,Citibank,7715,6495.91,USD,6495.91,USD,Wire,0
2024/01/01 03:21,Wells,2205,UBS,3528,992.25,USD,992.25,USD,Wire,0
2024/01/21 04:45,Chase,8238,UBS,9243,4867.74,USD,4867.74,USD,Wire,0
2024/03/28 14:21,Barclays,3464,UBS,6399,6650.79,EUR,6650.79,EUR,ACH,0
2024/03/13 21:38,BNP,6340,Chase,6522,5335.88,USD,5335.88,USD,Cheque,0
2024/02/12 07:29,UBS,5346,BNP,7956,4991.0,USD,4991.0,USD,Wire,0
2024/03/23 04:51,Citibank,2045,Citibank,5044,50.0,EUR,50.0,EUR,Wire,0
2024/01/18 01:42,Citibank,1021,Deutsche,8262,6439.52,USD,6439.52,USD,ACH,0
2024/02/04 11:50,UBS,8071,HSBC,9927,7436.29,EUR,7436.29,EUR,Cheque,0
2024/01/27 03:14,Chase,7158,Chase,9439,8374.8,USD,8374.8,USD,ACH,0
2024/03/12 14:01,Barclays,2620,BNP,3258,3639.35,USD,3639.35,USD,ACH,0
2024/01/06 00:14,Barclays,4061,Barclays,5151,7672.73,GBP,7672.73,GBP,Bitcoin,0
2024/03/05 03:21,BNP,6041,UBS,1067,3299.0,EUR,3299.0,EUR,ACH,0
2024/02/02 22:31,Citibank,9559,UBS,5210,4247.84,USD,4247.84,USD,Wire,0
2024/02/28 23:37,HSBC,7140,Barclays,1205,50.0,USD,50.0,USD,Wire,0
2024/03/02 12:51,UBS,5993,Barclays,8001,8035.73,USD,8035.73,USD,Cash,1
2024/02/27 17:09,Chase,3676,HSBC,9274,3640.42,USD,3640.42,USD,Cheque,0
2024/03/15 21:41,Chase,2260,Citibank,1039,7345.22,EUR,7345.22,EUR,Wire,0
2024/02/21 19:08,Chase,3646,BNP,3880,4758.8,USD,4758.8,USD,Wire,0
2024/03/06 17:12,Chase,3752,Citibank,6884,8643.67,USD,8643.67,USD,Cheque,0
2024/02/15 16:50,Wells,6565,BNP,8004,4981.84,USD,4981.84,USD,Cash,1
2024/03/17 08:44,BNP,8564,Wells,9110,4434.58,USD,4434.58,USD,Wire,0
2024/03/11 11:08,Citibank,2993,BNP,2744,7290.02,EUR,7290.02,EUR,Wire,0
2024/02/01 06:53,Citibank,3657,Citibank,1666,1157.94,EUR,1157.94,EUR,Bitcoin,0
2024/01/30 16:03,Barclays,2820,Deutsche,3893,913.25,USD,913.25,USD,Wire,0
2024/01/09 05:49,Wells,3849,Chase,5616,5552.77,EUR,5552.77,EUR,Credit Card,0
2024/02/06 15:10,Chase,1957,HSBC,8716,2462.1,USD,2462.1,USD,Cheque,0
2024/02/23 16:58,HSBC,3552,UBS,3025,1440.66,GBP,1440.66,GBP,Wire,0
2024/02/19 04:15,HSBC,5722,Wells,6634,5103.22,USD,5103.22,USD,Wire,0
2024/01/26 21:50,BNP,9432,Deutsche,6039,5906.12,USD,5906.12,USD,Credit Card,0
2024/01/05 18:49,UBS,6836,BNP,9283,10672.19,USD,10672.19,USD,ACH,0
2024/03/30 12:00,Deutsche,7399,Deutsche,2897,1324.01,USD,1324.01,USD,Wire,0
2024/02/02 08:04,Citibank,5421,Deutsche,8002,5370.21,USD,5370.21,USD,Cash,1
2024/01/01 10:17,Citibank,8621,UBS,9671,2686.51,USD,2686.51,USD,Credit Card,0
2024/01/27 19:46,UBS,4174,UBS,3207,12604.98,EUR,12604.98,EUR,ACH,0
2024/01/11 04:45,HSBC,9443,Wells,1615,5895.29,EUR,5895.29,EUR,Wire,0
2024/01/31 21:04,Wells,9000,Wells,7333,4164.21,GBP,4164.21,GBP,Cash,0
2024/01/05 02:39,Deutsche,4211,HSBC,8896,4351.48,EUR,4351.48,EUR,Wire,0
2024/02/21 13:16,UBS,3872,Barclays,1258,7481.76,USD,7481.76,USD,Bitcoin,0
2024/02/27 23:53,Citibank,4870,UBS,6791,10307.25,USD,10307.25,USD,Cheque,0
2024/02/27 13:43,Chase,5845,UBS,7907,9858.31,EUR,9858.31,EUR,Wire,0
2024/01/05 10:04,UBS,1634,Deutsche,2319,50.0,GBP,50.0,GBP,Wire,0
2024/01/15 00:21,Chase,4906,UBS,8417,50.0,EUR,50.0,EUR,Cash,0
2024/03/15 19:35,Citibank,9089,Barclays,4908,5989.71,EUR,5989.71,EUR,ACH,0
2024/01/22 08:13,BNP,5728,Deutsche,5776,691.28,EUR,691.28,EUR,ACH,0
2024/01/09 04:10,HSBC,5970,Barclays,2893,6196.94,USD,6196.94,USD,ACH,0
2024/01/03 03:54,Citibank,1359,UBS,6299,2388.4,USD,2388.4,USD,ACH,0
2024/02/13 08:08,Deutsche,1576,HSBC,4572,7776.93,EUR,7776.93,EUR,ACH,0
2024/01/20 14:55,Citibank,8901,UBS,2616,7810.9,EUR,7810.9,EUR,Credit Card,0
2024/01/10 00:11,UBS,8261,Chase,7740,1372.64,EUR,1372.64,EUR,Bitcoin,0
2024/03/11 11:45,UBS,1045,Citibank,7384,10995.4,USD,10995.4,USD,Cheque,0
2024/02/20 21:10,Barclays,7767,Barclays,2935,5952.23,GBP,5952.23,GBP,ACH,0
2024/03/31 09:52,Barclays,7711,HSBC,4198,3885.84,USD,3885.84,USD,Wire,0
2024/01/04 06:24,Citibank,7045,BNP,8694,8784.61,USD,8784.61,USD,ACH,0
2024/01/11 09:08,Deutsche,5592,HSBC,4307,1718.46,USD,1718.46,USD,Cash,0
2024/03/24 17:03,Citibank,5628,Barclays,4224,2163.85,USD,2163.85,USD,ACH,0
2024/03/13 01:39,Wells,5258,Barclays,9412,6612.29,USD,6612.29,USD,Cheque,0
2024/03/23 01:10,Barclays,5560,Wells,7960,6206.95,USD,6206.95,USD,Cheque,0
2024/02/28 01:32,Citibank,7021,Citibank,6634,2692.61,USD,2692.61,USD,Credit Card,0
2024/02/28 15:26,Wells,9760,Wells,4251,3790.11,EUR,3790.11,EUR,Credit Card,0
2024/03/16 05:12,Chase,7008,HSBC,7009,11606.05,USD,11606.05,USD,Wire,1
2024/03/07 04:19,Wells,4944,Deutsche,7944,5473.8,USD,5473.8,USD,Cheque,0
2024/01/19 02:58,Citibank,7253,HSBC,9194,8664.42,USD,8664.42,USD,ACH,0
2024/03/03 10:34,HSBC,1708,Deutsche,1445,3389.39,USD,3389.39,USD,Credit Card,0
2024/02/02 19:53,Chase,2027,BNP,8250,8698.41,GBP,8698.41,GBP,Wire,0
2024/03/11 17:42,BNP,8986,BNP,9785,6128.22,USD,6128.22,USD,Credit Card,0
2024/02/24 10:20,Barclays,9189,UBS,1365,8766.15,USD,8766.15,USD,Wire,0
2024/03/02 10:51,HSBC,7288,HSBC,8690,8716.55,USD,8716.55,USD,Credit Card,0
2024/02/19 08:30,Barclays,7783,Barclays,5333,221.07,USD,221.07,USD,ACH,0
2024/01/29 10:38,BNP,4964,Deutsche,2146,6491.41,EUR,6491.41,EUR,Wire,0
2024/03/06 00:20,Citibank,6434,HSBC,6694,8051.07,USD,8051.07,USD,Credit Card,0
2024/02/13 06:29,UBS,9181,HSBC,9630,5601.4,USD,5601.4,USD,Wire,0
2024/02/18 13:53,Citibank,8987,Wells,4945,4179.15,USD,4179.15,USD,Wire,0
2024/02/19 00:42,HSBC,7415,HSBC,9550,2595.68,USD,2595.68,USD,Wire,0
2024/02/17 19:49,BNP,5634,Chase,5558,3383.86,EUR,3383.86,EUR,ACH,0
2024/01/21 03:07,Deutsche,4556,Chase,7313,7274.47,USD,7274.47,USD,Wire,0
2024/03/19 02:07,HSBC,1210,BNP,1635,979.37,EUR,979.37,EUR,Wire,0
2024/02/29 12:32,HSBC,8124,HSBC,1126,3721.1,GBP,3721.1,GBP,Wire,0
2024/01/24 04:09,UBS,3862,Chase,5595,3860.29,USD,3860.29,USD,Wire,0
2024/01/22 09:26,Chase,8663,HSBC,9975,6849.52,EUR,6849.52,EUR,Credit Card,0
2024/03/09 05:57,Citibank,5952,HSBC,6428,8041.69,GBP,8041.69,GBP,Credit Card,0
2024/03/27 10:14,Chase,7857,BNP,1684,5650.89,USD,5650.89,USD,ACH,0
2024/03/29 23:45,UBS,7239,UBS,1604,6257.6,USD,6257.6,USD,Wire,0
2024/03/11 03:21,Chase,4588,HSBC,3648,3244.45,USD,3244.45,USD,Cheque,0
2024/02/22 21:21,UBS,6824,UBS,9267,50.0,USD,50.0,USD,ACH,0
2024/02/20 11:41,Deutsche,3416,UBS,2757,2904.1,EUR,2904.1,EUR,Cheque,0
2024/02/10 20:32,Deutsche,7246,HSBC,1246,6961.96,USD,6961.96,USD,Credit Card,0
2024/03/16 06:39,Barclays,8887,Citibank,2807,3913.43,EUR,3913.43,EUR,Cheque,0
2024/02/01 03:48,Chase,3551,Wells,3983,8931.29,GBP,8931.29,GBP,ACH,0
2024/03/18 15:41,Chase,2129,BNP,4806,9939.48,USD,9939.48,USD,Wire,0
2024/03/25 03:31,UBS,8261,Wells,8047,2070.84,GBP,2070.84,GBP,Cheque,0
2024/02/23 20:49,HSBC,9002,Chase,5531,9693.27,USD,9693.27,USD,Credit Card,1
2024/03/01 19:37,Chase,8348,BNP,6639,8215.71,USD,8215.71,USD,Credit Card,0
2024/02/29 09:39,Chase,8534,Barclays,9308,7546.6,USD,7546.6,USD,ACH,0
2024/02/02 21:43,Chase,1450,Barclays,6534,7458.22,GBP,7458.22,GBP,Wire,0
2024/03/27 20:30,Deutsche,7283,Barclays,4823,8664.07,USD,8664.07,USD,Credit Card,0
2024/03/18 20:46,HSBC,3580,HSBC,8033,2718.16,USD,2718.16,USD,Wire,0
2024/03/12 16:04,Deutsche,3462,HSBC,2813,7603.63,USD,7603.63,USD,Credit Card,0
2024/02/23 04:50,HSBC,6488,UBS,3055,8019.17,USD,8019.17,USD,Credit Card,0
2024/02/03 16:02,BNP,3850,Citibank,3186,4877.76,USD,4877.76,USD,Wire,0
2024/02/10 21:59,Wells,6472,Wells,3385,3252.94,USD,3252.94,USD,Credit Card,0
2024/02/26 03:51,Chase,5773,BNP,1715,4337.35,GBP,4337.35,GBP,Wire,0
2024/01/01 17:44,HSBC,8159,Citibank,6425,2943.41,EUR,2943.41,EUR,Wire,0
2024/02/27 05:33,Chase,9001,Chase,3964,5720.59,USD,5720.59,USD,Credit Card,1
2024/02/11 02:12,Wells,2900,Chase,9295,6417.35,USD,6417.35,USD,ACH,0
2024/02/28 04:23,Citibank,6040,Chase,8574,1050.08,USD,1050.08,USD,Cheque,0
2024/03/13 21:05,HSBC,3964,Chase,2348,7130.82,USD,7130.82,USD,Wire,0
2024/01/16 17:42,Deutsche,9026,Barclays,1125,6837.03,EUR,6837.03,EUR,Wire,0
2024/01/08 17:14,HSBC,2686,Deutsche,8813,4181.71,USD,4181.71,USD,Wire,0
2024/02/24 09:45,BNP,8522,Deutsche,1134,4207.99,EUR,4207.99,EUR,Credit Card,0
2024/02/14 05:50,Chase,2602,UBS,5505,4974.9,GBP,4974.9,GBP,Wire,0
2024/01/23 10:44,UBS,3541,UBS,2401,5154.19,EUR,5154.19,EUR,Bitcoin,0
2024/02/03 03:43,Chase,5265,Deutsche,1506,6871.03,USD,6871.03,USD,Wire,0
2024/02/05 15:02,HSBC,2273,Barclays,2783,2488.9,EUR,2488.9,EUR,Wire,0
2024/02/10 11:54,HSBC,6306,Barclays,3114,6925.13,USD,6925.13,USD,Cheque,0
2024/01/03 17:38,Wells,8895,BNP,8115,6562.16,EUR,6562.16,EUR,ACH,0
2024/01/02 21:39,BNP,1209,HSBC,4444,5528.88,USD,5528.88,USD,Wire,0
2024/03/30 14:27,BNP,9611,Barclays,4234,7250.6,USD,7250.6,USD,ACH,0
2024/02/27 18:37,Citibank,3088,Citibank,1182,8589.5,EUR,8589.5,EUR,ACH,0
2024/02/21 08:37,BNP,2627,UBS,9825,2696.13,USD,2696.13,USD,ACH,0
2024/03/08 06:30,Citibank,6018,Citibank,1243,2372.23,USD,2372.23,USD,Credit Card,0
2024/01/15 18:25,Citibank,6969,HSBC,5519,11249.63,USD,11249.63,USD,Cash,0
2024/02/18 06:50,Barclays,6045,UBS,9343,1933.74,USD,1933.74,USD,Credit Card,0
2024/01/06 10:39,Chase,6302,HSBC,2499,3058.95,USD,3058.95,USD,Wire,0
2024/01/10 16:57,Barclays,6301,HSBC,4769,4482.43,EUR,4482.43,EUR,Cheque,0
2024/02/12 19:04,Deutsche,6931,Citibank,9014,240.63,USD,240.63,USD,Wire,0
2024/02/21 04:51,Citibank,7592,Citibank,2945,6021.87,USD,6021.87,USD,ACH,0
2024/02/24 12:53,HSBC,9002,Deutsche,3895,13520.16,USD,13520.16,USD,ACH,1
2024/03/05 21:44,Barclays,5060,HSBC,1187,6246.26,USD,6246.26,USD,Wire,0
2024/01/07 18:00,BNP,3627,Barclays,4042,3742.28,GBP,3742.28,GBP,ACH,0
2024/02/11 03:32,Wells,9146,Citibank,6957,10164.73,USD,10164.73,USD,Wire,0
2024/01/26 11:20,HSBC,6641,Citibank,3780,50.0,USD,50.0,USD,ACH,0
2024/01/12 13:10,HSBC,8576,Wells,6329,477.56,USD,477.56,USD,Wire,0
2024/03/20 14:03,HSBC,5518,Chase,1220,3164.59,USD,3164.59,USD,Bitcoin,0
2024/03/01 04:25,UBS,4327,Barclays,8001,2478.63,USD,2478.63,USD,ACH,1
2024/01/12 17:13,UBS,3637,Barclays,7048,11689.39,EUR,11689.39,EUR,Cheque,0
2024/03/25 09:33,BNP,8756,Wells,2845,50.0,GBP,50.0,GBP,Wire,0
2024/03/13 15:58,UBS,1646,Citibank,8585,7202.67,USD,7202.67,USD,Wire,0
2024/01/30 11:03,Wells,3126,HSBC,3235,1696.23,USD,1696.23,USD,ACH,0
2024/02/07 21:59,Wells,9440,Wells,9317,5656.46,USD,5656.46,USD,ACH,0
2024/03/05 15:47,Barclays,1269,Chase,9465,8078.22,GBP,8078.22,GBP,Wire,0
2024/03/15 20:30,HSBC,9124,Deutsche,8453,4114.16,USD,4114.16,USD,Cheque,0
2024/01/20 11:34,Chase,8378,BNP,4553,6120.32,USD,6120.32,USD,ACH,0
2024/02/23 03:56,Wells,6109,Citibank,2272,5022.15,USD,5022.15,USD,ACH,0
2024/01/20 10:07,BNP,7004,HSBC,7005,35482.96,USD,35482.96,USD,Wire,1
2024/03/25 21:26,Citibank,4755,Chase,6512,7564.02,EUR,7564.02,EUR,Wire,0
2024/02/25 08:08,BNP,7548,Chase,7921,8351.32,USD,8351.32,USD,Credit Card,0
2024/03/18 01:42,HSBC,7010,Chase,7008,20830.35,USD,20830.35,USD,Wire,1
2024/01/20 13:56,Citibank,4639,BNP,8910,4033.93,USD,4033.93,USD,Wire,0
2024/02/09 05:27,BNP,2376,Chase,1061,6384.66,USD,6384.66,USD,Wire,0
2024/03/28 16:26,UBS,7258,Barclays,5783,7133.45,USD,7133.45,USD,Credit Card,0
2024/01/29 21:42,Citibank,9104,Barclays,1174,1244.44,EUR,1244.44,EUR,Wire,0
2024/01/12 14:39,Barclays,3522,HSBC,2896,9499.48,EUR,9499.48,EUR,ACH,0
2024/01/13 06:09,Chase,7691,BNP,7978,6690.2,USD,6690.2,USD,Cheque,0
2024/01/05 00:28,UBS,2698,Barclays,4900,5308.07,USD,5308.07,USD,ACH,0
2024/01/05 10:56,Citibank,9011,Barclays,2680,2072.48,USD,2072.48,USD,ACH,0
2024/03/11 06:48,BNP,2023,Deutsche,4199,3334.32,USD,3334.32,USD,Cheque,0
2024/01/23 05:32,Wells,4828,BNP,3874,2132.35,USD,2132.35,USD,Wire,0
2024/01/14 20:40,BNP,2654,HSBC,5203,3312.89,GBP,3312.89,GBP,Cheque,0
2024/02/14 13:29,HSBC,6212,Chase,1294,50.0,GBP,50.0,GBP,Cheque,0
2024/03/02 16:56,Wells,7500,BNP,8645,4475.21,USD,4475.21,USD,Wire,0
2024/03/13 22:07,Deutsche,1687,Chase,6172,50.0,USD,50.0,USD,ACH,0
2024/01/17 03:24,HSBC,1907,BNP,3094,4295.15,USD,4295.15,USD,Bitcoin,0
2024/03/02 19:37,Barclays,9034,Wells,7313,9119.52,USD,9119.52,USD,Wire,0
2024/03/29 21:01,Citibank,5627,Chase,1644,1748.31,GBP,1748.31,GBP,Wire,0
2024/02/11 15:52,Deutsche,7299,Citibank,5634,7604.2,USD,7604.2,USD,ACH,0
2024/01/20 12:32,Citibank,4675,BNP,2085,5072.23,USD,5072.23,USD,Wire,0
2024/02/29 08:31,Deutsche,7023,Citibank,4576,4141.06,USD,4141.06,USD,ACH,0
2024/01/31 21:08,UBS,4030,Deutsche,8002,6177.74,USD,6177.74,USD,ACH,1
2024/02/24 01:52,Barclays,5708,Wells,8047,4856.85,GBP,4856.85,GBP,Wire,0
2024/03/10 07:42,Citibank,7180,Citibank,5683,6247.0,USD,6247.0,USD,Wire,0
2024/03/22 00:19,Citibank,7328,UBS,8438,8021.9,USD,8021.9,USD,Cash,0
2024/02/07 19:29,BNP,3303,Deutsche,9240,4802.51,USD,4802.51,USD,Cheque,0
2024/02/22 02:44,Deutsche,1986,Citibank,3289,5946.03,USD,5946.03,USD,Wire,0
2024/02/10 22:29,Barclays,9196,Chase,3253,10433.8,USD,10433.8,USD,Wire,0
2024/02/08 20:52,HSBC,5757,UBS,4394,6007.54,EUR,6007.54,EUR,Cheque,0
2024/03/06 11:59,HSBC,8146,BNP,1008,3177.41,USD,3177.41,USD,ACH,0
2024/01/08 05:30,Deutsche,8703,UBS,5923,5921.33,USD,5921.33,USD,Bitcoin,0
2024/01/02 19:10,Deutsche,7817,Barclays,4750,7486.13,USD,7486.13,USD,Credit Card,0
2024/01/26 00:55,HSBC,2360,Barclays,5092,5157.84,EUR,5157.84,EUR,Wire,0
2024/02/02 08:03,BNP,4741,Citibank,5400,50.0,GBP,50.0,GBP,Wire,0
2024/02/24 17:47,Deutsche,5964,Wells,3127,7283.45,EUR,7283.45,EUR,Wire,0
2024/01/05 14:20,Citibank,4405,Barclays,3773,7183.36,USD,7183.36,USD,Wire,0
2024/03/17 10:11,Citibank,5591,Barclays,7087,7155.04,GBP,7155.04,GBP,Wire,0
2024/03/06 01:48,Citibank,9872,Deutsche,8575,9419.67,USD,9419.67,USD,ACH,0
2024/02/15 21:07,HSBC,5208,Wells,9702,3075.1,USD,3075.1,USD,ACH,0
2024/02/06 09:43,HSBC,6565,Chase,8871,50.0,USD,50.0,USD,ACH,0
2024/01/04 04:48,Wells,2030,Citibank,6126,9250.83,USD,9250.83,USD,Cheque,0
2024/02/05 18:55,Wells,2157,Deutsche,5511,7391.82,USD,7391.82,USD,Wire,0
2024/02/20 15:23,Wells,1646,Citibank,8003,8870.09,USD,8870.09,USD,Cash,1
2024/03/01 01:25,Barclays,5032,BNP,6836,8027.34,USD,8027.34,USD,Wire,0
2024/01/01 06:43,Citibank,7115,UBS,9841,12710.97,USD,12710.97,USD,Wire,0
2024/01/09 01:52,HSBC,5346,Deutsche,1841,6920.91,USD,6920.91,USD,ACH,0
2024/03/24 12:38,HSBC,2201,UBS,2419,3856.53,USD,3856.53,USD,Wire,0
2024/03/07 03:10,Deutsche,4150,UBS,5155,7549.01,EUR,7549.01,EUR,Wire,0
2024/02/05 15:00,HSBC,1066,Wells,2987,3017.97,EUR,3017.97,EUR,ACH,0
2024/03/19 19:38,Barclays,4908,UBS,4544,8440.56,USD,8440.56,USD,Wire,0
2024/02/01 03:22,Wells,4335,HSBC,1151,6473.16,USD,6473.16,USD,Credit Card,0
2024/02/25 01:07,HSBC,1554,UBS,8651,5140.93,USD,5140.93,USD,ACH,0
2024/02/26 08:08,HSBC,5925,UBS,3729,4985.51,EUR,4985.51,EUR,ACH,0
2024/02/17 09:50,Deutsche,9686,Deutsche,5516,5132.57,GBP,5132.57,GBP,Wire,0
2024/03/05 06:06,Deutsche,9701,UBS,6138,5323.06,EUR,5323.06,EUR,Wire,0
2024/03/05 06:27,Deutsche,8440,Citibank,3037,8394.27,EUR,8394.27,EUR,Bitcoin,0
2024/03/18 02:30,Barclays,8525,Deutsche,7968,14624.48,USD,14624.48,USD,Wire,0
2024/03/15 08:07,Citibank,4432,BNP,9739,5397.56,EUR,5397.56,EUR,ACH,0
2024/01/26 16:21,Deutsche,4778,Deutsche,6702,3612.25,USD,3612.25,USD,Wire,0
2024/02/11 00:06,Chase,4512,HSBC,1520,466.33,USD,466.33,USD,ACH,0
2024/01/30 07:42,Deutsche,4765,HSBC,4130,50.0,USD,50.0,USD,Wire,0
2024/01/26 21:07,Citibank,5373,Chase,5377,3322.29,USD,3322.29,USD,ACH,0
2024/03/28 20:27,Barclays,5648,UBS,9854,12780.64,USD,12780.64,USD,Cheque,0
2024/01/07 06:28,Wells,8200,UBS,1578,7921.22,EUR,7921.22,EUR,Credit Card,0
2024/03/18 20:42,Wells,7050,Citibank,8206,5491.17,EUR,5491.17,EUR,ACH,0
2024/03/29 19:20,UBS,5692,Citibank,8559,2877.43,USD,2877.43,USD,Cheque,0
2024/01/29 15:24,UBS,1587,BNP,2610,4530.38,GBP,4530.38,GBP,ACH,0
2024/02/04 21:39,Chase,5269,BNP,8289,3072.72,GBP,3072.72,GBP,Wire,0
2024/01/16 20:26,Barclays,9961,Wells,6522,4698.47,USD,4698.47,USD,ACH,0
2024/01/24 16:14,UBS,4636,BNP,5865,7712.19,USD,7712.19,USD,Cheque,0
2024/03/06 23:36,Chase,2900,Deutsche,4906,8974.21,USD,8974.21,USD,ACH,0
2024/01/25 05:09,Deutsche,8948,HSBC,6718,7405.39,EUR,7405.39,EUR,ACH,0
2024/02/12 06:51,HSBC,3558,Citibank,3870,10290.48,GBP,10290.48,GBP,Wire,0
2024/01/01 05:02,Wells,1727,Chase,2960,11817.98,GBP,11817.98,GBP,Wire,0
2024/01/28 09:44,Deutsche,1657,Citibank,7217,8394.16,GBP,8394.16,GBP,Cheque,0
2024/02/11 08:15,Wells,4741,BNP,1183,6803.31,USD,6803.31,USD,ACH,0
2024/03/26 12:56,Chase,6275,Chase,1105,4586.87,USD,4586.87,USD,ACH,0
2024/01/28 02:20,Deutsche,4658,HSBC,4688,1627.58,USD,1627.58,USD,ACH,0
2024/03/23 03:07,UBS,3832,Citibank,5479,6756.46,EUR,6756.46,EUR,Wire,0
2024/01/04 04:05,Chase,2488,Deutsche,6796,7832.97,GBP,7832.97,GBP,ACH,0
2024/03/08 11:32,Deutsche,1525,HSBC,9446,5941.9,USD,5941.9,USD,ACH,0
2024/01/04 04:49,Chase,6712,Citibank,3846,3744.84,USD,3744.84,USD,Wire,0
2024/03/13 14:33,Deutsche,7607,Deutsche,1661,3868.29,USD,3868.29,USD,ACH,0
2024/02/29 16:51,BNP,5552,HSBC,6352,7545.22,USD,7545.22,USD,Wire,0
2024/02/17 08:10,Chase,5135,UBS,6880,10726.37,GBP,10726.37,GBP,Credit Card,0
2024/03/31 12:39,Wells,9723,Citibank,4746,3638.42,USD,3638.42,USD,ACH,0
2024/01/02 20:54,UBS,5024,Chase,9462,6676.39,USD,6676.39,USD,Wire,0
2024/02/24 21:52,Citibank,9933,Barclays,6880,5015.97,USD,5015.97,USD,Wire,0
2024/03/13 13:45,Citibank,9431,Chase,6507,1989.56,GBP,1989.56,GBP,Wire,0
2024/02/07 03:24,UBS,2005,Barclays,2935,3493.62,USD,3493.62,USD,Credit Card,0
2024/02/27 12:53,Barclays,9619,HSBC,3908,10676.51,EUR,10676.51,EUR,Credit Card,0
2024/02/25 02:27,Barclays,3603,Barclays,8005,4456.22,USD,4456.22,USD,ACH,1
2024/03/18 02:41,Wells,8157,Deutsche,3785,8823.77,USD,8823.77,USD,Bitcoin,0
2024/03/20 23:12,Deutsche,2900,Barclays,2383,4034.38,USD,4034.38,USD,Cheque,0
2024/02/26 02:40,Chase,2740,Wells,6949,4213.06,USD,4213.06,USD,ACH,0
2024/02/03 03:55,BNP,1659,Wells,4083,3647.0,USD,3647.0,USD,Cheque,0
2024/01/07 12:51,Chase,4624,UBS,7517,4974.05,EUR,4974.05,EUR,ACH,0
2024/03/24 06:59,BNP,5657,HSBC,9188,6984.44,USD,6984.44,USD,Wire,0
2024/01/06 22:18,Wells,2003,Citibank,8099,5510.14,USD,5510.14,USD,Wire,0
2024/02/10 01:08,Citibank,8812,Barclays,7160,2669.75,USD,2669.75,USD,Wire,0
2024/01/13 04:51,UBS,3858,Deutsche,5663,11603.31,GBP,11603.31,GBP,Cheque,0
2024/01/10 22:40,Chase,2726,Wells,3370,10741.36,USD,10741.36,USD,ACH,0
2024/03/12 11:48,HSBC,7009,HSBC,7010,34237.01,USD,34237.01,USD,Wire,1
2024/03/27 17:16,Citibank,2290,UBS,3847,5197.92,USD,5197.92,USD,ACH,0
2024/03/07 20:37,BNP,9774,HSBC,2545,4935.96,USD,4935.96,USD,Wire,0
2024/03/25 04:03,Citibank,2772,Deutsche,8139,50.0,EUR,50.0,EUR,ACH,0
2024/02/26 21:37,UBS,6145,Barclays,8005,5471.0,USD,5471.0,USD,ACH,1
2024/01/17 04:23,UBS,9631,HSBC,6242,50.0,GBP,50.0,GBP,ACH,0
2024/02/11 09:15,UBS,4710,Citibank,7781,50.0,USD,50.0,USD,Credit Card,0
2024/03/29 13:40,Chase,1626,Chase,1157,9146.98,USD,9146.98,USD,Cheque,0
2024/03/22 05:58,Deutsche,7012,Deutsche,7013,14768.7,USD,14768.7,USD,Wire,1
2024/03/26 18:40,Chase,9978,UBS,2178,3401.79,USD,3401.79,USD,Credit Card,0
2024/02/11 22:18,Barclays,4503,Deutsche,4887,7084.07,USD,7084.07,USD,ACH,0
2024/01/16 22:57,Barclays,5349,Deutsche,3842,8978.39,USD,8978.39,USD,Cheque,0
2024/03/28 15:38,Barclays,5777,Wells,6107,7342.79,USD,7342.79,USD,Wire,0
2024/01/23 22:10,HSBC,8316,Chase,4653,5410.1,USD,5410.1,USD,Wire,0
2024/02/04 21:58,BNP,5078,Wells,7408,2315.74,EUR,2315.74,EUR,ACH,0
2024/02/01 09:02,HSBC,1223,Deutsche,8002,6265.56,USD,6265.56,USD,Cash,1
2024/01/29 00:02,Chase,9458,Citibank,8710,7687.34,GBP,7687.34,GBP,ACH,0
2024/01/06 11:40,UBS,9301,Barclays,9403,4750.0,EUR,4750.0,EUR,Bitcoin,0
2024/02/20 10:47,HSBC,6812,Barclays,2618,9456.56,USD,9456.56,USD,Credit Card,0
2024/03/30 21:12,UBS,3799,UBS,6021,1745.12,EUR,1745.12,EUR,ACH,0
2024/02/10 23:47,HSBC,2866,Deutsche,9763,4286.95,USD,4286.95,USD,Cheque,0
2024/01/07 07:11,BNP,9166,UBS,7184,3427.45,EUR,3427.45,EUR,Wire,0
2024/01/19 00:00,Citibank,6679,Barclays,8938,5077.02,USD,5077.02,USD,ACH,0
2024/01/25 08:35,Deutsche,3027,UBS,7159,3840.58,USD,3840.58,USD,Wire,0
2024/02/10 01:46,Deutsche,8131,Chase,4679,1516.07,USD,1516.07,USD,Wire,0
2024/02/03 13:18,UBS,7590,BNP,9264,652.28,USD,652.28,USD,ACH,0
2024/01/11 12:41,HSBC,7479,HSBC,4102,2397.13,GBP,2397.13,GBP,Wire,0
2024/01/07 03:49,Citibank,3952,Barclays,1054,5587.8,USD,5587.8,USD,ACH,0
2024/02/13 20:44,Barclays,1332,HSBC,2715,9112.23,USD,9112.23,USD,Wire,0
2024/01/21 05:37,Barclays,8966,Barclays,9945,6754.48,USD,6754.48,USD,Wire,0
2024/03/12 07:51,BNP,6556,Chase,8090,2651.8,USD,2651.8,USD,Bitcoin,0
2024/03/11 17:44,BNP,4527,Wells,7795,474.88,USD,474.88,USD,Wire,0
2024/02/23 11:10,HSBC,9002,BNP,1267,7920.59,USD,7920.59,USD,Wire,1
2024/03/28 18:10,BNP,4056,BNP,5558,10051.24,USD,10051.24,USD,Wire,0
2024/03/15 13:07,HSBC,2861,Wells,3480,4590.58,GBP,4590.58,GBP,Wire,0
2024/03/21 03:11,Chase,6763,Chase,6813,5946.74,GBP,5946.74,GBP,Wire,0
2024/03/09 18:05,Chase,3575,BNP,4486,3695.12,USD,3695.12,USD,Wire,0
2024/03/13 00:07,Deutsche,8449,Wells,7794,3114.69,USD,3114.69,USD,Credit Card,0
2024/01/19 10:18,Wells,4829,Citibank,4063,5174.79,USD,5174.79,USD,Wire,0
2024/02/11 08:35,Barclays,7343,Deutsche,9708,7564.88,USD,7564.88,USD,Wire,0
2024/02/22 09:10,Barclays,5283,Barclays,6742,3399.1,USD,3399.1,USD,ACH,0
2024/02/26 14:12,Wells,9051,Deutsche,8615,5914.01,GBP,5914.01,GBP,Wire,0
2024/02/04 06:46,Barclays,8940,Chase,1637,5629.04,EUR,5629.04,EUR,ACH,0
2024/03/06 10:57,Barclays,6637,Citibank,8780,7155.86,EUR,7155.86,EUR,Wire,0
2024/01/19 08:00,Wells,9231,Deutsche,4580,8861.28,USD,8861.28,USD,ACH,0
2024/02/03 11:29,Barclays,3041,Chase,7746,50.0,EUR,50.0,EUR,Cheque,0
2024/02/28 21:11,BNP,8242,UBS,9953,5532.56,EUR,5532.56,EUR,Credit Card,0
2024/01/06 20:03,BNP,9651,HSBC,1326,5516.09,USD,5516.09,USD,ACH,0
2024/03/30 06:05,Barclays,1962,BNP,1631,6040.04,EUR,6040.04,EUR,ACH,0
2024/01/16 12:01,BNP,6205,Wells,2997,140.8,USD,140.8,USD,Credit Card,0
2024/02/16 15:30,HSBC,1937,HSBC,8472,9639.83,USD,9639.83,USD,ACH,0
2024/01/01 10:05,Wells,9822,Citibank,8917,8726.42,EUR,8726.42,EUR,Wire,0
2024/02/16 07:30,Chase,6808,Citibank,5263,4137.59,USD,4137.59,USD,Wire,0
2024/01/09 04:01,Barclays,2288,Chase,9061,6269.11,USD,6269.11,USD,Wire,0
2024/01/17 03:04,HSBC,2338,Citibank,6605,5606.95,USD,5606.95,USD,Wire,0
2024/02/17 02:33,BNP,3250,Chase,1334,4976.27,USD,4976.27,USD,Bitcoin,0
2024/03/08 23:36,Wells,2426,Deutsche,4308,50.0,USD,50.0,USD,Wire,0
2024/02/18 19:03,Wells,9922,HSBC,2242,3232.19,USD,3232.19,USD,Cheque,0
2024/01/04 06:16,Citibank,7545,Wells,1608,14723.78,USD,14723.78,USD,Wire,0
2024/01/21 04:41,Citibank,4162,Barclays,5153,3830.58,USD,3830.58,USD,ACH,0
2024/01/20 14:44,Chase,5668,HSBC,5647,7104.7,USD,7104.7,USD,Wire,0
2024/03/31 08:52,HSBC,5751,UBS,6522,2946.25,USD,2946.25,USD,Wire,0
2024/02/19 21:12,UBS,8347,UBS,4002,4050.13,USD,4050.13,USD,ACH,0
2024/01/13 05:27,HSBC,9688,Citibank,9948,3127.64,USD,3127.64,USD,Wire,0
2024/02/08 11:23,BNP,8203,HSBC,5887,990.77,EUR,990.77,EUR,ACH,0
2024/02/26 12:05,UBS,3239,Chase,4481,5748.82,EUR,5748.82,EUR,Cheque,0
2024/01/27 12:00,Chase,4056,Citibank,6693,1486.73,USD,1486.73,USD,Bitcoin,0
2024/02/02 15:20,HSBC,1569,Citibank,3025,4223.92,EUR,4223.92,EUR,ACH,0
2024/01/31 05:38,UBS,9979,HSBC,2971,3576.53,USD,3576.53,USD,Wire,0
2024/03/28 15:43,UBS,5558,Chase,7211,50.0,GBP,50.0,GBP,Credit Card,0
2024/01/17 00:40,HSBC,3897,Barclays,2229,7924.9,USD,7924.9,USD,Credit Card,0
2024/03/27 05:24,Citibank,9134,Barclays,4063,2475.62,USD,2475.62,USD,ACH,0
2024/03/13 01:26,Citibank,2217,Chase,5990,5747.51,USD,5747.51,USD,Wire,0
2024/02/14 22:20,HSBC,4591,BNP,8004,8907.28,USD,8907.28,USD,Cash,1
2024/02/16 23:07,Deutsche,4989,Wells,8304,6569.6,USD,6569.6,USD,Wire,0
2024/03/07 15:34,Barclays,2732,Deutsche,9783,1428.28,EUR,1428.28,EUR,Wire,0
2024/02/27 08:18,Chase,9001,Barclays,3004,8138.93,USD,8138.93,USD,Wire,1
2024/03/17 23:12,Wells,2287,UBS,3854,8388.74,EUR,8388.74,EUR,Wire,0
2024/03/20 01:32,Deutsche,7012,Deutsche,7013,47840.98,USD,47840.98,USD,Wire,1
2024/02/22 16:28,Wells,9054,BNP,3481,7894.04,EUR,7894.04,EUR,Wire,0
2024/03/14 23:32,Barclays,9642,Barclays,7964,8724.91,USD,8724.91,USD,Wire,0
2024/02/23 00:12,UBS,3786,UBS,6423,4621.77,USD,4621.77,USD,Credit Card,0
2024/02/18 04:57,Chase,4007,Chase,6182,5456.9,EUR,5456.9,EUR,ACH,0
2024/02/10 22:09,Citibank,1255,HSBC,2862,2130.51,USD,2130.51,USD,Wire,0
2024/03/24 02:26,UBS,3503,Citibank,3600,4016.33,GBP,4016.33,GBP,Wire,0
2024/02/26 13:59,Barclays,7111,Wells,3131,5969.59,EUR,5969.59,EUR,Bitcoin,0
2024/02/04 02:59,Barclays,1556,Chase,7320,4003.21,USD,4003.21,USD,Wire,0
2024/01/24 00:57,Barclays,3681,Citibank,7101,6750.58,USD,6750.58,USD,Wire,0
2024/03/02 16:18,HSBC,3702,Barclays,8001,4780.99,USD,4780.99,USD,ACH,1
2024/03/17 05:01,Deutsche,5616,Deutsche,6966,4574.85,USD,4574.85,USD,Cheque,0
2024/03/26 12:59,BNP,5292,Deutsche,2443,7601.55,USD,7601.55,USD,Credit Card,0
2024/01/02 17:34,Chase,9715,BNP,9272,5861.93,EUR,5861.93,EUR,ACH,0
2024/03/02 04:12,Deutsche,6738,Citibank,1997,2562.8,USD,2562.8,USD,Wire,0
2024/02/09 11:58,Barclays,8808,UBS,7491,4550.19,USD,4550.19,USD,Wire,0
2024/02/19 05:04,Barclays,8786,UBS,6361,1732.23,USD,1732.23,USD,ACH,0
2024/01/17 21:42,HSBC,5505,UBS,7806,5866.52,GBP,5866.52,GBP,ACH,0
2024/02/16 19:56,Citibank,3696,BNP,5186,8227.12,USD,8227.12,USD,Wire,0
2024/03/17 21:59,Wells,5469,Barclays,7806,8565.01,USD,8565.01,USD,Wire,0
2024/03/22 09:43,Chase,7001,Citibank,7002,36849.26,USD,36849.26,USD,Wire,1
2024/01/30 20:36,Wells,9396,Chase,3968,7086.13,USD,7086.13,USD,Wire,0
2024/01/23 04:00,Chase,7131,Chase,6562,3307.06,USD,3307.06,USD,Cheque,0
2024/01/18 11:50,Deutsche,7006,Wells,7007,38710.41,USD,38710.41,USD,Wire,1
2024/02/03 13:50,BNP,2418,Barclays,4789,4853.47,USD,4853.47,USD,ACH,0
2024/02/01 04:28,HSBC,7086,Wells,1983,1671.74,USD,1671.74,USD,ACH,0
2024/03/21 04:32,Barclays,9580,Barclays,3006,9346.8,USD,9346.8,USD,Bitcoin,0
2024/01/18 05:39,HSBC,7005,Deutsche,7006,25054.38,USD,25054.38,USD,Wire,1
2024/01/14 08:25,UBS,8116,HSBC,9252,50.0,USD,50.0,USD,Wire,0
2024/02/16 19:50,Barclays,9773,Citibank,1182,7011.84,EUR,7011.84,EUR,Cheque,0
2024/03/26 03:12,Citibank,5036,HSBC,2106,1656.83,USD,1656.83,USD,Wire,0
2024/02/11 20:15,UBS,3839,UBS,9426,3961.51,USD,3961.51,USD,ACH,0
2024/01/16 11:53,Citibank,9994,HSBC,3076,2968.11,EUR,2968.11,EUR,Wire,0
2024/03/13 17:28,Wells,3079,Chase,2413,4247.65,USD,4247.65,USD,Wire,0
2024/01/11 03:44,HSBC,3840,Barclays,6116,478.65,EUR,478.65,EUR,Cash,0
2024/01/17 01:09,UBS,4807,Citibank,3130,7491.87,USD,7491.87,USD,Cheque,0
2024/01/06 13:30,BNP,5708,Wells,9992,1395.44,USD,1395.44,USD,ACH,0
2024/01/17 15:15,Wells,8958,UBS,5074,8330.46,USD,8330.46,USD,Wire,0
2024/01/19 19:40,Citibank,6923,Chase,3473,5084.77,EUR,5084.77,EUR,ACH,0
2024/02/09 13:30,Citibank,7428,Deutsche,5391,6787.24,USD,6787.24,USD,Wire,0
2024/02/15 14:13,Wells,2487,BNP,8004,3774.97,USD,3774.97,USD,ACH,1
2024/01/04 22:15,Barclays,8342,Wells,5720,6158.44,USD,6158.44,USD,ACH,0
2024/01/09 06:04,Deutsche,4882,BNP,3496,2566.11,USD,2566.11,USD,ACH,0
2024/02/18 14:36,Deutsche,9238,Citibank,9707,50.0,USD,50.0,USD,Wire,0
2024/02/12 06:10,HSBC,7453,UBS,7757,3058.86,USD,3058.86,USD,Wire,0
2024/03/21 11:00,Barclays,9309,UBS,2821,4291.2,EUR,4291.2,EUR,Cheque,0
2024/01/30 00:34,Deutsche,1777,Citibank,3074,4443.17,USD,4443.17,USD,Cash,0
2024/02/13 22:03,HSBC,8137,HSBC,4952,8989.62,USD,8989.62,USD,Bitcoin,0
2024/02/15 17:34,Deutsche,1921,BNP,8004,2866.18,USD,2866.18,USD,Cash,1
2024/03/27 01:49,HSBC,3518,Citibank,4765,50.0,USD,50.0,USD,Cheque,0
2024/02/12 15:50,BNP,8191,Barclays,3775,6769.88,USD,6769.88,USD,Credit Card,0
2024/02/22 11:51,Wells,9918,Barclays,5673,9318.01,USD,9318.01,USD,Wire,0
2024/01/27 10:53,UBS,2417,Barclays,4949,9840.32,EUR,9840.32,EUR,Cheque,0
2024/01/30 06:13,Chase,9915,HSBC,7048,6164.41,USD,6164.41,USD,Bitcoin,0
2024/01/30 04:28,UBS,2803,Wells,5551,10493.9,USD,10493.9,USD,ACH,0
2024/03/20 13:29,Wells,3503,BNP,6964,6961.05,USD,6961.05,USD,ACH,0
2024/02/05 01:38,Deutsche,8783,Citibank,7336,3011.44,USD,3011.44,USD,Cheque,0
2024/01/17 17:03,Wells,2730,HSBC,4891,645.64,USD,645.64,USD,ACH,0
2024/03/26 04:48,BNP,4195,BNP,5355,9389.52,EUR,9389.52,EUR,Cheque,0
2024/02/28 16:08,Chase,9001,Barclays,1995,14891.33,USD,14891.33,USD,Credit Card,1
2024/03/03 01:25,UBS,6604,HSBC,6881,2772.59,USD,2772.59,USD,Wire,0
2024/03/10 06:57,BNP,3886,Deutsche,4210,5703.94,GBP,5703.94,GBP,ACH,0
2024/01/11 01:36,Chase,8259,UBS,9066,5944.9,USD,5944.9,USD,ACH,0
2024/02/13 04:39,UBS,4084,HSBC,8399,2049.26,GBP,2049.26,GBP,ACH,0
2024/02/25 13:17,Chase,2006,Chase,5167,1564.32,USD,1564.32,USD,ACH,0
2024/02/25 17:04,BNP,2549,Wells,2356,2843.16,GBP,2843.16,GBP,Cheque,0
2024/03/05 18:01,HSBC,5348,Barclays,3556,3035.31,USD,3035.31,USD,Cheque,0
2024/03/01 23:45,Wells,9741,Wells,9595,7781.68,USD,7781.68,USD,Wire,0
2024/01/15 05:16,Barclays,7346,UBS,4454,6710.1,EUR,6710.1,EUR,ACH,0
2024/01/03 06:37,HSBC,5643,BNP,1128,4341.11,USD,4341.11,USD,ACH,0
2024/03/14 06:07,Chase,7761,Citibank,4666,8560.67,USD,8560.67,USD,Wire,0
2024/02/12 05:40,BNP,5270,UBS,6937,3135.87,USD,3135.87,USD,Wire,0
2024/03/23 04:06,HSBC,2929,BNP,4178,191.0,USD,191.0,USD,Cheque,0
2024/01/27 01:31,UBS,2603,Barclays,8319,4058.17,USD,4058.17,USD,Wire,0
2024/03/18 02:46,Deutsche,7013,Chase,7014,13668.84,USD,13668.84,USD,Wire,1
2024/03/10 09:42,Barclays,5526,Chase,3802,5117.14,USD,5117.14,USD,Bitcoin,0
2024/02/23 07:43,Deutsche,1690,Barclays,2205,50.0,EUR,50.0,EUR,Cheque,0
2024/02/20 05:57,UBS,6093,Deutsche,7713,1408.84,USD,1408.84,USD,Cheque,0
2024/02/11 23:16,HSBC,1379,HSBC,4988,5238.49,EUR,5238.49,EUR,ACH,0
2024/03/24 01:05,Citibank,7002,BNP,7003,15911.33,USD,15911.33,USD,Wire,1
2024/02/02 12:29,Wells,6685,HSBC,1780,3360.66,USD,3360.66,USD,Wire,0
2024/03/22 13:06,HSBC,3505,UBS,7531,5694.64,EUR,5694.64,EUR,Credit Card,0
2024/02/01 05:27,Citibank,3438,Deutsche,8002,8105.15,USD,8105.15,USD,Cash,1
2024/02/13 17:38,BNP,5896,Deutsche,5724,3338.7,USD,3338.7,USD,Credit Card,0
2024/02/18 13:19,Barclays,5565,Chase,9454,4030.15,USD,4030.15,USD,Wire,0
2024/03/10 10:34,BNP,7349,BNP,9281,50.0,EUR,50.0,EUR,Credit Card,0
2024/01/19 08:52,BNP,1332,Chase,1499,2644.08,USD,2644.08,USD,Cheque,0
2024/02/23 05:02,HSBC,9002,Deutsche,4188,8985.53,USD,8985.53,USD,Credit Card,1
2024/03/16 09:57,HSBC,1830,Deutsche,2191,6755.42,USD,6755.42,USD,Wire,0
2024/02/07 05:33,Barclays,7713,BNP,5724,6342.26,USD,6342.26,USD,ACH,0
2024/02/26 05:04,HSBC,8732,UBS,3115,50.0,USD,50.0,USD,ACH,0
2024/01/21 02:13,Wells,1943,Deutsche,4677,3632.82,USD,3632.82,USD,Cheque,0
2024/02/17 10:49,Wells,8935,Barclays,4854,9936.0,USD,9936.0,USD,Bitcoin,0
2024/03/19 11:47,Wells,7580,Citibank,8032,5288.17,USD,5288.17,USD,ACH,0
2024/01/01 02:19,Citibank,1891,HSBC,6342,3546.07,EUR,3546.07,EUR,Wire,0
2024/02/18 11:18,Wells,5896,Barclays,6054,7773.73,USD,7773.73,USD,Wire,0
2024/02/09 05:21,BNP,3310,HSBC,5034,6112.96,USD,6112.96,USD,ACH,0
2024/01/31 18:22,Chase,6581,Citibank,3337,4206.9,USD,4206.9,USD,Cheque,0
2024/01/25 08:01,Barclays,4937,HSBC,3901,2874.47,GBP,2874.47,GBP,Wire,0
2024/01/05 22:08,Chase,1223,Deutsche,4048,3446.6,USD,3446.6,USD,ACH,0
2024/02/05 22:41,Chase,3523,Barclays,2340,7351.28,EUR,7351.28,EUR,Credit Card,0
2024/03/21 09:47,Chase,6423,Citibank,8782,3827.69,EUR,3827.69,EUR,Credit Card,0
2024/01/20 01:01,HSBC,7005,Deutsche,7006,33530.32,USD,33530.32,USD,Wire,1
2024/03/06 11:46,Wells,7513,HSBC,2053,804.82,USD,804.82,USD,Wire,0
2024/01/13 09:49,HSBC,4535,Deutsche,7193,6128.29,USD,6128.29,USD,Wire,0
2024/03/19 07:58,Wells,8350,Barclays,1674,7675.69,USD,7675.69,USD,Wire,0
2024/03/24 18:43,Deutsche,8090,UBS,9802,4836.96,EUR,4836.96,EUR,Wire,0
2024/03/02 15:11,Chase,6084,UBS,9605,2158.81,USD,2158.81,USD,Cheque,0
2024/02/18 19:51,Chase,9727,Wells,3730,5050.25,USD,5050.25,USD,ACH,0
2024/03/29 18:59,Deutsche,1473,Wells,9990,1448.84,USD,1448.84,USD,Wire,0
2024/01/03 21:23,Barclays,8155,BNP,1159,6497.07,USD,6497.07,USD,ACH,0
2024/02/05 18:08,Barclays,6202,Chase,3580,6717.19,USD,6717.19,USD,ACH,0
2024/03/10 03:03,Citibank,5325,Wells,6216,9818.6,USD,9818.6,USD,Wire,0
2024/01/28 16:56,Wells,7980,Barclays,3109,6091.66,EUR,6091.66,EUR,Wire,0
2024/03/20 11:47,Chase,7001,Citibank,7002,14789.34,USD,14789.34,USD,Wire,1
2024/01/22 07:07,HSBC,7250,UBS,6555,4691.86,USD,4691.86,USD,ACH,0
2024/01/26 12:58,Barclays,8544,Barclays,5601,5888.51,USD,5888.51,USD,ACH,0
2024/01/10 08:57,HSBC,9112,BNP,8562,4708.82,USD,4708.82,USD,Wire,0
2024/03/26 15:44,Wells,6045,BNP,8559,8452.52,USD,8452.52,USD,Bitcoin,0
2024/03/28 09:53,Deutsche,8110,Deutsche,4525,5413.26,USD,5413.26,USD,Wire,0
2024/02/11 16:50,Deutsche,8936,Citibank,3732,4067.28,USD,4067.28,USD,Wire,0
2024/02/18 08:35,Chase,2906,UBS,3441,6709.12,USD,6709.12,USD,Cheque,0
2024/03/30 14:18,Deutsche,9753,Chase,2375,7474.23,USD,7474.23,USD,Cheque,0
2024/03/30 08:24,Wells,4348,HSBC,1973,4433.39,USD,4433.39,USD,ACH,0
2024/01/18 18:08,BNP,3969,Barclays,8351,4255.24,USD,4255.24,USD,Cheque,0
2024/03/31 16:52,Wells,2381,Wells,4775,4848.33,USD,4848.33,USD,ACH,0
2024/03/08 04:53,HSBC,2981,UBS,2582,8410.61,USD,8410.61,USD,Cheque,0
2024/03/29 08:31,Deutsche,2660,Chase,4827,5715.73,USD,5715.73,USD,Wire,0
2024/01/01 14:06,UBS,8931,Barclays,2609,2505.9,USD,2505.9,USD,ACH,0
2024/02/23 09:11,HSBC,9002,Citibank,3033,5248.23,USD,5248.23,USD,ACH,1
2024/01/28 23:39,Barclays,2220,HSBC,1952,6169.88,USD,6169.88,USD,ACH,0
2024/02/27 16:12,Barclays,3461,Barclays,7871,6704.93,USD,6704.93,USD,ACH,0
2024/02/29 07:43,Barclays,2866,UBS,9160,4996.96,EUR,4996.96,EUR,Wire,0
2024/01/13 17:02,Barclays,8394,Chase,3907,5421.62,USD,5421.62,USD,Cheque,0
2024/01/23 07:26,HSBC,7563,Deutsche,2797,1743.29,EUR,1743.29,EUR,Wire,0
2024/01/31 10:57,Barclays,1997,Deutsche,8002,5346.17,USD,5346.17,USD,Cash,1
2024/02/20 08:31,Citibank,7888,Barclays,5631,3120.11,USD,3120.11,USD,ACH,0
2024/02/28 16:16,Barclays,1138,Wells,4999,50.0,USD,50.0,USD,Wire,0
2024/01/01 02:43,Deutsche,7170,Wells,3630,8303.58,USD,8303.58,USD,Wire,0
2024/03/06 11:31,HSBC,7572,Barclays,6792,6025.07,USD,6025.07,USD,Wire,0
2024/01/05 15:01,Citibank,6464,Citibank,6000,5089.25,USD,5089.25,USD,Cheque,0
2024/03/19 12:15,Barclays,1334,HSBC,6903,2165.33,USD,2165.33,USD,ACH,0
2024/03/13 07:51,Deutsche,1786,Chase,4199,4295.21,EUR,4295.21,EUR,Wire,0
2024/02/14 19:05,Deutsche,6842,Barclays,3718,4045.38,GBP,4045.38,GBP,ACH,0
2024/02/07 07:43,UBS,9917,Chase,5645,9385.52,USD,9385.52,USD,ACH,0
2024/02/10 22:27,Chase,8696,BNP,8892,5035.79,USD,5035.79,USD,ACH,0
2024/01/14 08:44,Wells,2470,HSBC,1054,4574.66,EUR,4574.66,EUR,Credit Card,0
2024/02/13 01:21,HSBC,4369,Barclays,7569,4583.26,USD,4583.26,USD,Cheque,0
2024/01/30 00:58,Chase,9096,HSBC,2008,5738.83,USD,5738.83,USD,ACH,0
2024/03/07 18:30,UBS,2275,Chase,8854,8756.13,USD,8756.13,USD,Credit Card,0
2024/01/20 12:05,UBS,1872,BNP,5185,649.46,USD,649.46,USD,Wire,0
2024/01/15 16:10,UBS,9227,BNP,8321,5500.21,EUR,5500.21,EUR,Wire,0
2024/02/28 22:28,Wells,8669,HSBC,5285,3760.67,USD,3760.67,USD,Wire,0
2024/01/03 19:49,Wells,2981,UBS,6765,2478.13,EUR,2478.13,EUR,Cheque,0
2024/01/16 05:34,Wells,2979,Barclays,4647,2471.56,GBP,2471.56,GBP,Wire,0
2024/03/09 11:04,Wells,5707,BNP,6267,50.0,USD,50.0,USD,Wire,0
2024/01/02 15:39,UBS,1032,Chase,6106,10273.3,GBP,10273.3,GBP,Wire,0
2024/03/18 22:49,BNP,3035,HSBC,1218,6280.31,USD,6280.31,USD,ACH,0
2024/02/07 07:42,Deutsche,7015,Citibank,9700,50.0,USD,50.0,USD,Cheque,0
2024/01/27 23:25,HSBC,7824,BNP,7123,2998.55,USD,2998.55,USD,ACH,0
2024/02/29 19:46,Barclays,5673,HSBC,7122,3366.29,USD,3366.29,USD,Wire,0
2024/01/24 16:35,Citibank,1277,BNP,3185,7964.85,EUR,7964.85,EUR,Wire,0
2024/03/20 23:46,Citibank,1229,HSBC,7860,4101.54,EUR,4101.54,EUR,Wire,0
2024/02/06 20:11,HSBC,6807,Deutsche,9906,5952.78,EUR,5952.78,EUR,Wire,0
2024/02/16 03:32,HSBC,1575,HSBC,2723,3468.68,EUR,3468.68,EUR,ACH,0
2024/03/01 17:47,HSBC,6219,HSBC,8223,7347.55,USD,7347.55,USD,Bitcoin,0
2024/02/13 11:49,Barclays,9233,HSBC,3614,7651.35,USD,7651.35,USD,Wire,0
2024/03/12 16:10,Barclays,7825,Wells,8289,1966.9,USD,1966.9,USD,Wire,0
2024/02/20 08:40,Citibank,1987,Citibank,8003,2336.83,USD,2336.83,USD,ACH,1
2024/03/19 10:19,HSBC,6134,Deutsche,7959,4197.46,USD,4197.46,USD,ACH,0
2024/03/01 18:34,BNP,1114,Wells,7175,4513.6,GBP,4513.6,GBP,Wire,0
2024/02/07 13:59,HSBC,8746,HSBC,9060,2037.45,USD,2037.45,USD,Wire,0
2024/01/19 21:39,HSBC,9326,UBS,1677,7297.09,EUR,7297.09,EUR,Wire,0
2024/03/18 05:43,Chase,7001,Citibank,7002,30905.27,USD,30905.27,USD,Wire,1
2024/01/11 04:16,Citibank,6720,BNP,9245,7329.7,USD,7329.7,USD,Credit Card,0
2024/01/17 08:10,Deutsche,4600,Chase,6100,7537.03,USD,7537.03,USD,Bitcoin,0
2024/03/02 02:44,HSBC,8746,Wells,7120,4174.07,USD,4174.07,USD,Wire,0
2024/03/06 19:16,Barclays,1592,UBS,7142,1915.97,USD,1915.97,USD,Credit Card,0
2024/01/29 00:22,Wells,1253,BNP,2453,2836.81,GBP,2836.81,GBP,ACH,0
2024/03/08 11:40,Barclays,7171,Deutsche,7568,3538.65,GBP,3538.65,GBP,ACH,0
2024/02/19 04:23,Chase,6752,HSBC,4092,6379.49,USD,6379.49,USD,ACH,0
2024/03/10 10:36,HSBC,8972,BNP,9141,3565.17,USD,3565.17,USD,Cheque,0
2024/03/31 21:14,Barclays,7531,BNP,8710,6240.44,USD,6240.44,USD,Credit Card,0
2024/03/28 13:58,Citibank,7822,Chase,9453,50.0,USD,50.0,USD,Cheque,0
2024/03/30 17:48,Wells,8377,Deutsche,8829,50.0,EUR,50.0,EUR,Wire,0
2024/03/25 13:39,UBS,7434,Barclays,5676,3322.39,USD,3322.39,USD,Cheque,0
2024/01/01 18:44,BNP,6904,Citibank,9771,5304.2,USD,5304.2,USD,Wire,0
2024/01/11 02:24,Chase,3489,Citibank,7153,4441.49,USD,4441.49,USD,Wire,0
2024/02/16 14:18,UBS,2406,HSBC,7912,8162.12,USD,8162.12,USD,Wire,0
2024/03/25 17:52,Barclays,4615,BNP,6544,4525.94,USD,4525.94,USD,ACH,0
2024/03/20 01:29,Citibank,7002,BNP,7003,13508.36,USD,13508.36,USD,Wire,1
2024/03/14 01:13,Wells,1556,Barclays,7701,2321.8,EUR,2321.8,EUR,Wire,0
2024/02/07 18:21,Wells,4115,UBS,9359,6826.37,EUR,6826.37,EUR,Cheque,0
2024/03/27 07:49,UBS,6156,BNP,6260,8046.0,USD,8046.0,USD,Wire,0
2024/01/31 22:40,Wells,6841,HSBC,1138,6431.36,USD,6431.36,USD,ACH,0
2024/02/28 13:47,Chase,9001,HSBC,2897,10491.44,USD,10491.44,USD,Wire,1
2024/01/26 12:41,Deutsche,3942,Chase,4940,9100.04,USD,9100.04,USD,Wire,0
2024/01/23 05:20,UBS,9338,HSBC,5244,9784.81,USD,9784.81,USD,Cheque,0
2024/03/24 03:17,Deutsche,7013,Chase,7014,11442.39,USD,11442.39,USD,Wire,1
2024/02/01 05:44,Deutsche,6845,Wells,4626,3704.12,USD,3704.12,USD,ACH,0
2024/01/09 23:50,Deutsche,3316,Wells,1398,8005.13,USD,8005.13,USD,ACH,0
2024/03/10 14:01,Deutsche,1903,Wells,4601,8913.78,USD,8913.78,USD,Cheque,0
2024/03/20 08:26,Chase,7014,Chase,7015,35969.33,USD,35969.33,USD,Wire,1
2024/03/22 19:13,Wells,1368,BNP,6328,7244.01,USD,7244.01,USD,Wire,0
2024/01/10 00:02,Wells,3380,Barclays,5143,4437.8,EUR,4437.8,EUR,Credit Card,0
2024/01/07 02:41,BNP,5702,Barclays,1759,9848.85,USD,9848.85,USD,Cheque,0
2024/01/27 09:20,HSBC,3952,Chase,9998,7724.78,EUR,7724.78,EUR,ACH,0
2024/02/08 03:41,UBS,4796,UBS,5992,7660.07,USD,7660.07,USD,Cash,0
2024/03/13 20:27,Barclays,7113,UBS,2517,1024.82,USD,1024.82,USD,Wire,0
2024/01/14 12:31,UBS,4942,Chase,5936,6316.92,USD,6316.92,USD,Cheque,0
2024/02/24 23:05,BNP,5812,Barclays,8005,7846.08,USD,7846.08,USD,ACH,1
2024/02/24 07:09,HSBC,9002,Deutsche,4825,11702.03,USD,11702.03,USD,Credit Card,1
2024/02/02 17:28,HSBC,5484,Chase,7341,2694.36,USD,2694.36,USD,Cash,0
2024/02/28 16:16,Chase,9001,HSBC,4335,14903.22,USD,14903.22,USD,ACH,1
2024/02/16 02:00,Barclays,4723,Deutsche,4420,3797.0,GBP,3797.0,GBP,Cheque,0
2024/03/20 12:33,UBS,6469,BNP,3667,6872.58,USD,6872.58,USD,Wire,0
2024/03/11 13:12,Deutsche,1091,Citibank,6287,6406.61,USD,6406.61,USD,Cheque,0
2024/02/01 17:10,Chase,4874,HSBC,5259,4106.28,USD,4106.28,USD,Bitcoin,0
2024/03/18 16:28,Citibank,6580,Wells,7112,5102.47,USD,5102.47,USD,Wire,0
2024/03/30 08:14,Wells,9299,Wells,5039,5149.22,USD,5149.22,USD,ACH,0
2024/02/09 11:00,BNP,8102,Chase,6228,2351.08,USD,2351.08,USD,Cash,0
2024/02/15 13:39,HSBC,3569,HSBC,7136,4710.85,USD,4710.85,USD,Wire,0
2024/02/28 00:10,Chase,9001,UBS,6526,10202.75,USD,10202.75,USD,Wire,1
2024/02/21 20:43,Chase,9989,Deutsche,1364,4316.97,EUR,4316.97,EUR,Wire,0
2024/02/27 00:34,Barclays,7256,Chase,6160,7258.41,USD,7258.41,USD,ACH,0
2024/02/20 07:31,Wells,2866,HSBC,5956,3764.97,USD,3764.97,USD,ACH,0
2024/01/27 06:41,Citibank,3894,HSBC,9707,4825.88,EUR,4825.88,EUR,Wire,0
2024/02/03 07:20,Wells,6666,BNP,5232,4839.97,GBP,4839.97,GBP,Wire,0
2024/02/13 22:43,Citibank,5647,BNP,8664,3220.53,USD,3220.53,USD,Wire,0
2024/02/13 20:09,HSBC,4968,BNP,3141,4794.96,EUR,4794.96,EUR,Cheque,0
2024/03/04 18:32,BNP,1704,Wells,7451,549.3,GBP,549.3,GBP,Wire,0
2024/02/26 11:37,BNP,2907,Barclays,8005,5783.95,USD,5783.95,USD,ACH,1
2024/03/18 12:43,Wells,6366,HSBC,7142,4685.07,EUR,4685.07,EUR,ACH,0
2024/01/06 04:42,UBS,3694,UBS,1113,3202.41,USD,3202.41,USD,Wire,0
2024/01/29 06:27,UBS,6561,Chase,7536,6870.93,USD,6870.93,USD,ACH,0
2024/02/01 13:52,Citibank,6929,Chase,8051,1998.42,USD,1998.42,USD,Wire,0
2024/03/06 13:59,Chase,8253,Citibank,2021,2554.14,USD,2554.14,USD,Credit Card,0
2024/02/16 05:53,Deutsche,4124,BNP,4722,2605.0,USD,2605.0,USD,Wire,0
2024/01/12 01:01,Barclays,6484,Chase,7098,1367.68,USD,1367.68,USD,Bitcoin,0
2024/03/18 10:24,Deutsche,7012,Deutsche,7013,38383.13,USD,38383.13,USD,Wire,1
2024/03/25 08:02,Citibank,7479,Wells,7227,6873.65,USD,6873.65,USD,Wire,0
2024/01/06 12:24,Citibank,5600,Wells,5000,7220.67,USD,7220.67,USD,Wire,0
2024/03/14 15:19,HSBC,7637,Wells,3301,7650.24,EUR,7650.24,EUR,Wire,0
2024/01/09 03:16,HSBC,3666,Citibank,8578,5096.95,USD,5096.95,USD,Cheque,0
2024/03/20 20:57,Deutsche,7916,Wells,9698,3068.73,EUR,3068.73,EUR,Cheque,0
2024/02/21 16:21,Barclays,8620,Barclays,8131,3828.91,USD,3828.91,USD,Wire,0
2024/01/18 06:26,UBS,5261,Wells,1050,2388.96,USD,2388.96,USD,Credit Card,0
2024/01/20 21:38,BNP,5604,Deutsche,3066,10978.23,GBP,10978.23,GBP,ACH,0
2024/02/28 07:06,Chase,9001,Deutsche,5212,11524.33,USD,11524.33,USD,ACH,1
2024/01/03 17:52,Chase,1271,Chase,2299,6568.64,USD,6568.64,USD,Wire,0
2024/02/20 03:07,BNP,1496,Citibank,8003,5649.94,USD,5649.94,USD,ACH,1
2024/01/29 10:54,BNP,2437,Wells,7602,5569.27,USD,5569.27,USD,ACH,0
2024/03/24 00:46,Citibank,7459,Deutsche,5943,3505.42,USD,3505.42,USD,ACH,0
2024/03/07 20:37,Citibank,5130,Chase,6211,9471.32,USD,9471.32,USD,Cash,0
2024/01/09 10:34,HSBC,2400,Deutsche,6899,10024.05,USD,10024.05,USD,ACH,0
2024/02/15 13:24,Chase,2657,BNP,3243,1198.73,USD,1198.73,USD,ACH,0
2024/03/07 11:24,Wells,7332,Barclays,2900,6193.95,GBP,6193.95,GBP,Cheque,0
2024/03/28 20:21,Chase,2373,Citibank,7574,5596.31,USD,5596.31,USD,Cheque,0
2024/03/19 06:50,BNP,8802,Wells,2815,6867.32,USD,6867.32,USD,ACH,0
2024/02/01 16:41,Deutsche,4392,Deutsche,8002,6760.39,USD,6760.39,USD,ACH,1
2024/02/26 15:59,HSBC,5350,Deutsche,6607,1448.4,USD,1448.4,USD,ACH,0
2024/03/23 22:56,Citibank,9146,Deutsche,3352,3902.73,EUR,3902.73,EUR,ACH,0
2024/01/13 10:48,BNP,5735,Chase,1066,3545.89,USD,3545.89,USD,ACH,0
2024/01/03 02:43,Wells,5497,HSBC,1697,5736.06,GBP,5736.06,GBP,Cheque,0
2024/01/17 01:01,Deutsche,8585,HSBC,9598,4799.63,USD,4799.63,USD,Wire,0
2024/02/06 04:10,HSBC,4951,BNP,4877,8353.5,EUR,8353.5,EUR,Credit Card,0
2024/03/16 23:58,HSBC,7383,Barclays,2967,4707.49,USD,4707.49,USD,Wire,0
2024/02/05 20:58,Deutsche,3295,UBS,9816,8945.71,USD,8945.71,USD,Wire,0
2024/01/15 18:42,Wells,5181,Citibank,1998,4349.92,USD,4349.92,USD,Cheque,0
2024/03/14 11:25,Barclays,4274,UBS,4642,3381.42,USD,3381.42,USD,ACH,0
2024/02/16 19:10,UBS,4805,BNP,8004,5505.36,USD,5505.36,USD,Cash,1
2024/02/14 06:01,Chase,6869,Chase,9436,10205.22,USD,10205.22,USD,Credit Card,0
2024/03/11 06:30,Deutsche,4096,Chase,3120,50.0,EUR,50.0,EUR,ACH,0
2024/01/08 21:37,Wells,3917,BNP,7638,1615.56,USD,1615.56,USD,Credit Card,0
2024/02/17 11:51,Wells,3447,Barclays,4619,4700.46,GBP,4700.46,GBP,Credit Card,0
2024/01/08 21:29,Barclays,8161,HSBC,2577,4205.68,USD,4205.68,USD,Wire,0
2024/02/04 17:53,Barclays,4534,Barclays,2376,8914.2,USD,8914.2,USD,ACH,0
2024/03/30 01:53,Chase,2995,UBS,6149,1598.92,GBP,1598.92,GBP,Wire,0
2024/03/24 20:09,Wells,7491,UBS,7555,9458.12,USD,9458.12,USD,Wire,0
2024/02/12 13:19,BNP,1545,Citibank,1964,4627.0,USD,4627.0,USD,Cheque,0
2024/02/17 06:41,HSBC,8931,Chase,9397,7088.01,USD,7088.01,USD,Wire,0
2024/03/08 22:51,Barclays,5203,UBS,6832,644.88,EUR,644.88,EUR,Cheque,0
2024/02/27 23:12,HSBC,6438,UBS,8992,586.27,USD,586.27,USD,Cheque,0
2024/02/08 15:56,Barclays,2468,UBS,5573,898.66,GBP,898.66,GBP,Wire,0
2024/02/27 20:22,BNP,8687,Citibank,5584,8437.97,EUR,8437.97,EUR,Wire,0
2024/03/16 08:30,HSBC,7009,HSBC,7010,14996.95,USD,14996.95,USD,Wire,1
2024/03/22 01:39,HSBC,8509,BNP,7542,1865.57,EUR,1865.57,EUR,Wire,0
2024/02/26 17:58,Deutsche,3762,Barclays,8005,4462.71,USD,4462.71,USD,ACH,1
2024/03/20 23:52,Deutsche,4909,HSBC,5533,5922.23,USD,5922.23,USD,Cheque,0
2024/02/25 03:43,HSBC,1366,Barclays,8005,3998.47,USD,3998.47,USD,Cash,1
2024/01/01 15:58,UBS,5014,Deutsche,7715,318.9,USD,318.9,USD,ACH,0
2024/03/15 06:15,Citibank,1453,HSBC,4851,5671.68,USD,5671.68,USD,ACH,0
2024/03/18 05:08,BNP,7003,Chase,7001,33983.74,USD,33983.74,USD,Wire,1
2024/03/01 08:58,Barclays,8228,Deutsche,3848,966.82,USD,966.82,USD,Wire,0
2024/03/21 02:44,Wells,8194,Wells,2680,2184.37,EUR,2184.37,EUR,Cash,0
2024/01/30 01:40,Chase,2387,UBS,1160,4283.95,USD,4283.95,USD,Wire,0
2024/02/07 01:35,Chase,2167,Deutsche,8735,659.16,USD,659.16,USD,Wire,0
2024/02/10 01:03,Deutsche,2831,HSBC,3790,8843.69,EUR,8843.69,EUR,Wire,0
2024/02/07 01:13,HSBC,6748,Citibank,1374,1561.1,USD,1561.1,USD,ACH,0
2024/02/21 03:00,Deutsche,9630,BNP,2805,1889.02,USD,1889.02,USD,Credit Card,0
2024/02/17 12:13,Wells,3908,Barclays,9970,50.0,EUR,50.0,EUR,Cheque,0
2024/02/25 22:15,Deutsche,5956,Barclays,8005,3009.14,USD,3009.14,USD,Cash,1
2024/01/12 15:28,BNP,3032,Citibank,8732,1216.63,USD,1216.63,USD,Cheque,0
2024/01/30 00:43,UBS,4952,Barclays,1753,2557.14,USD,2557.14,USD,Wire,0
2024/01/05 11:16,Chase,1696,Citibank,4795,4195.3,USD,4195.3,USD,Wire,0
2024/02/09 09:36,HSBC,4851,Wells,9457,8164.87,USD,8164.87,USD,Cheque,0
2024/01/09 13:55,Deutsche,3863,UBS,5380,5244.59,USD,5244.59,USD,Credit Card,0
2024/03/09 12:52,UBS,1954,Barclays,2113,1761.27,USD,1761.27,USD,Cheque,0
2024/03/27 00:59,Citibank,8311,Barclays,4671,4892.06,EUR,4892.06,EUR,ACH,0
2024/03/06 07:18,Deutsche,1108,Barclays,1378,5039.16,USD,5039.16,USD,ACH,0
2024/02/24 05:01,UBS,6649,Barclays,8458,2823.82,USD,2823.82,USD,Wire,0
2024/03/10 14:19,UBS,8570,HSBC,1762,6987.79,USD,6987.79,USD,Cheque,0
2024/02/28 01:12,Chase,9001,UBS,2254,6637.51,USD,6637.51,USD,Credit Card,1
2024/02/26 15:00,HSBC,3958,Barclays,8005,2326.06,USD,2326.06,USD,Cash,1
2024/03/23 06:15,Chase,9001,Deutsche,6891,4869.65,USD,4869.65,USD,Wire,0
2024/03/24 21:02,HSBC,2205,UBS,8357,3836.57,EUR,3836.57,EUR,Cheque,0
2024/01/26 19:12,UBS,4635,Barclays,6213,9873.49,USD,9873.49,USD,Cheque,0
2024/03/07 01:04,Citibank,5864,HSBC,1986,4108.57,USD,4108.57,USD,Cheque,0
2024/03/01 21:23,UBS,6358,Barclays,8001,7837.88,USD,7837.88,USD,Cash,1
2024/03/06 00:08,Citibank,5172,UBS,2464,4386.92,USD,4386.92,USD,Wire,0
2024/01/08 17:13,UBS,5751,Deutsche,8762,5790.28,USD,5790.28,USD,Wire,0
2024/01/14 23:27,Chase,9870,UBS,6027,7458.02,GBP,7458.02,GBP,ACH,0
2024/01/24 10:46,BNP,7004,HSBC,7005,21356.34,USD,21356.34,USD,Wire,1
2024/02/07 16:13,Citibank,4745,Chase,7719,9582.6,EUR,9582.6,EUR,ACH,0
2024/03/03 08:57,Deutsche,4198,Chase,2191,1635.3,EUR,1635.3,EUR,Cheque,0
2024/02/15 01:45,Citibank,1877,BNP,8004,8184.98,USD,8184.98,USD,Cash,1
2024/02/08 16:32,Deutsche,7051,Citibank,7070,50.0,EUR,50.0,EUR,Wire,0
2024/01/18 13:57,BNP,1080,Chase,1981,9668.05,USD,9668.05,USD,Cheque,0
2024/01/13 00:20,Barclays,5359,Citibank,8205,2876.78,USD,2876.78,USD,Cheque,0
2024/03/24 08:00,Barclays,5696,Citibank,3627,5494.06,USD,5494.06,USD,Credit Card,0
2024/02/11 05:57,Barclays,4573,Chase,6309,8048.97,EUR,8048.97,EUR,Wire,0
2024/01/03 09:32,Deutsche,2833,Wells,9547,4367.51,USD,4367.51,USD,ACH,0
2024/03/16 09:31,HSBC,2418,Chase,5569,9232.29,USD,9232.29,USD,Wire,0
2024/03/09 13:38,HSBC,1037,UBS,2175,5197.32,USD,5197.32,USD,ACH,0
2024/03/19 20:04,UBS,4969,Barclays,2147,9445.21,USD,9445.21,USD,Cheque,0
2024/03/16 22:05,Deutsche,4112,Citibank,3768,5127.14,USD,5127.14,USD,Credit Card,0
2024/02/12 04:39,Wells,2221,HSBC,3864,1558.2,EUR,1558.2,EUR,ACH,0
2024/02/06 15:46,HSBC,4141,Barclays,7566,4797.97,USD,4797.97,USD,Cheque,0
2024/02/15 18:47,Chase,1673,Wells,3691,3002.14,EUR,3002.14,EUR,Wire,0
2024/01/19 04:34,Wells,7910,Wells,8061,6748.24,EUR,6748.24,EUR,Wire,0
2024/02/23 15:36,BNP,4970,Barclays,1144,52.8,USD,52.8,USD,ACH,0
2024/03/12 21:41,BNP,3901,Wells,9054,7710.13,USD,7710.13,USD,ACH,0
2024/03/29 22:03,BNP,8910,Deutsche,5088,50.0,EUR,50.0,EUR,Cash,0
2024/02/02 09:14,Citibank,2823,Deutsche,8002,2231.13,USD,2231.13,USD,Cash,1
2024/01/20 16:31,UBS,4060,Wells,8182,2994.24,USD,2994.24,USD,ACH,0
2024/03/22 12:03,Wells,2568,Deutsche,8989,5109.68,EUR,5109.68,EUR,Wire,0
2024/03/27 23:15,Chase,8292,UBS,5253,4309.59,USD,4309.59,USD,Wire,0
2024/03/22 15:01,Chase,5303,Deutsche,7424,1768.32,USD,1768.32,USD,ACH,0
2024/02/12 09:12,Deutsche,6828,Deutsche,6668,5099.74,EUR,5099.74,EUR,Cheque,0
2024/02/07 16:01,Chase,8491,Barclays,6008,4192.91,USD,4192.91,USD,ACH,0
2024/03/23 03:09,BNP,5493,Deutsche,1530,6101.43,USD,6101.43,USD,ACH,0
2024/03/18 02:14,UBS,5074,Barclays,9909,6922.68,GBP,6922.68,GBP,ACH,0
2024/03/14 12:38,Deutsche,8101,HSBC,5273,7028.41,EUR,7028.41,EUR,ACH,0
2024/03/16 07:31,Chase,7001,Citibank,7002,13801.97,USD,13801.97,USD,Wire,1
2024/01/14 12:06,UBS,5840,Citibank,5853,10461.9,USD,10461.9,USD,ACH,0
2024/02/14 01:31,Chase,5985,BNP,8004,3309.81,USD,3309.81,USD,ACH,1
2024/02/20 08:05,Deutsche,9991,Citibank,5212,4938.51,GBP,4938.51,GBP,ACH,0
2024/03/10 13:03,Chase,8185,Wells,8652,1868.25,GBP,1868.25,GBP,ACH,0
2024/01/24 10:12,Citibank,9960,HSBC,9470,1610.61,USD,1610.61,USD,Credit Card,0
2024/02/11 08:31,Wells,3646,HSBC,5670,3349.95,USD,3349.95,USD,Wire,0
2024/01/16 08:48,BNP,6010,BNP,7455,894.53,USD,894.53,USD,Wire,0
2024/03/17 23:39,UBS,8005,Chase,3978,7779.13,USD,7779.13,USD,ACH,0
2024/03/01 02:58,UBS,8523,Citibank,3864,8756.32,EUR,8756.32,EUR,Cheque,0
2024/03/18 18:27,BNP,3265,UBS,1231,3565.0,GBP,3565.0,GBP,Cheque,0
2024/01/28 10:44,HSBC,3885,Citibank,5890,50.0,GBP,50.0,GBP,ACH,0
2024/03/03 20:41,UBS,5313,Wells,1635,10701.62,USD,10701.62,USD,ACH,0
2024/01/01 09:49,HSBC,2801,BNP,1274,6527.74,USD,6527.74,USD,Credit Card,0
2024/01/10 03:15,Wells,3131,Citibank,3553,3405.63,EUR,3405.63,EUR,Wire,0
2024/03/24 11:44,BNP,7003,Chase,7001,27516.16,USD,27516.16,USD,Wire,1
2024/02/17 06:34,Barclays,8360,Wells,1344,4939.72,GBP,4939.72,GBP,ACH,0
2024/01/12 13:13,Chase,6360,Citibank,6715,6016.89,EUR,6016.89,EUR,Wire,0
2024/03/19 22:10,UBS,8810,Deutsche,6407,8312.55,EUR,8312.55,EUR,Credit Card,0
2024/02/24 06:43,Barclays,6000,Barclays,8005,2389.71,USD,2389.71,USD,Cash,1
2024/02/04 10:50,Citibank,4717,Wells,6149,6155.95,USD,6155.95,USD,Wire,0
2024/01/07 10:00,Deutsche,8666,Wells,9907,801.78,USD,801.78,USD,Wire,0
2024/02/16 02:07,Barclays,2068,Wells,1179,633.33,USD,633.33,USD,ACH,0
2024/02/07 17:47,UBS,6474,HSBC,6323,14305.66,USD,14305.66,USD,Wire,0
2024/03/02 20:29,Barclays,4272,Barclays,8001,8170.71,USD,8170.71,USD,Cash,1
2024/03/25 02:21,Wells,5890,Citibank,6793,4879.63,USD,4879.63,USD,Cheque,0
2024/03/13 07:43,Citibank,2067,Citibank,2428,13400.26,EUR,13400.26,EUR,Wire,0
2024/02/09 16:54,Wells,3502,Deutsche,2929,3550.52,EUR,3550.52,EUR,Wire,0
2024/03/01 01:37,Chase,1056,Wells,9814,3602.76,USD,3602.76,USD,Credit Card,0
2024/03/02 13:47,UBS,3240,Deutsche,8081,1889.82,USD,1889.82,USD,Wire,0
2024/02/16 07:09,UBS,4486,BNP,8004,3498.32,USD,3498.32,USD,ACH,1
2024/01/19 00:17,Deutsche,5502,HSBC,8711,5191.65,USD,5191.65,USD,ACH,0
2024/03/01 10:45,HSBC,3296,UBS,9701,3806.61,USD,3806.61,USD,ACH,0
2024/03/29 04:56,Deutsche,1857,HSBC,7423,4827.34,USD,4827.34,USD,ACH,0
2024/03/08 14:37,BNP,2707,Citibank,6502,50.0,USD,50.0,USD,ACH,0
2024/02/01 08:11,BNP,6415,Deutsche,8002,5418.32,USD,5418.32,USD,Cash,1
2024/03/17 19:54,Chase,5829,HSBC,8052,3408.0,EUR,3408.0,EUR,Wire,0
2024/01/26 04:46,BNP,9269,Chase,9880,6466.73,USD,6466.73,USD,Cheque,0
2024/01/22 12:12,Wells,8073,Deutsche,3029,847.63,USD,847.63,USD,Wire,0
2024/02/12 12:25,Citibank,9438,Citibank,6643,6191.98,USD,6191.98,USD,Wire,0
2024/03/30 09:28,Wells,7555,Deutsche,7600,50.0,USD,50.0,USD,Wire,0
2024/03/01 20:58,BNP,3278,BNP,7011,9081.02,EUR,9081.02,EUR,ACH,0
2024/02/09 13:26,Chase,8621,Deutsche,4587,7909.69,GBP,7909.69,GBP,Wire,0
2024/01/17 20:32,BNP,3783,Wells,2388,3944.84,USD,3944.84,USD,Wire,0
2024/02/07 04:31,Wells,5238,HSBC,3524,3429.66,USD,3429.66,USD,Wire,0
2024/02/23 07:18,Chase,8184,Deutsche,4824,5154.66,GBP,5154.66,GBP,ACH,0
2024/02/19 13:17,Chase,4208,Chase,3569,4379.68,USD,4379.68,USD,Wire,0
2024/01/09 04:12,Chase,3947,Deutsche,6320,6408.61,USD,6408.61,USD,Cheque,0
2024/02/15 02:10,Barclays,9247,HSBC,4880,7312.94,GBP,7312.94,GBP,ACH,0
2024/01/06 00:42,Barclays,4011,Wells,2127,5222.73,GBP,5222.73,GBP,ACH,0
2024/02/12 00:36,Citibank,7464,Chase,5489,7183.14,USD,7183.14,USD,Wire,0
2024/02/01 11:04,Deutsche,9505,HSBC,7391,4789.15,EUR,4789.15,EUR,Credit Card,0
2024/01/25 15:11,Citibank,2574,HSBC,4701,5030.86,USD,5030.86,USD,Wire,0
2024/03/20 07:26,BNP,7011,Deutsche,7012,32896.53,USD,32896.53,USD,Wire,1
2024/02/21 07:58,Citibank,3834,Barclays,4725,4486.9,USD,4486.9,USD,Wire,0
2024/03/20 21:51,UBS,6946,Chase,6900,3367.03,USD,3367.03,USD,Cheque,0
2024/01/20 17:36,Citibank,3108,HSBC,8470,3261.14,USD,3261.14,USD,Wire,0
2024/01/07 00:16,UBS,2453,UBS,4085,2939.21,EUR,2939.21,EUR,Wire,0
2024/02/11 13:19,Citibank,9177,Barclays,1611,5058.95,USD,5058.95,USD,Cheque,0
2024/03/30 01:19,Chase,6631,UBS,7123,6138.02,USD,6138.02,USD,ACH,0
2024/01/22 05:30,HSBC,7005,Deutsche,7006,22077.1,USD,22077.1,USD,Wire,1
2024/02/26 21:02,UBS,3671,Barclays,8005,6452.62,USD,6452.62,USD,ACH,1
2024/02/26 08:07,Citibank,5351,Deutsche,5815,4656.63,USD,4656.63,USD,ACH,0
2024/02/21 08:16,BNP,5381,Citibank,8003,6945.67,USD,6945.67,USD,ACH,1
2024/03/25 19:02,HSBC,4812,HSBC,9241,5511.88,USD,5511.88,USD,ACH,0
2024/01/10 13:48,Deutsche,6596,Barclays,9345,50.0,EUR,50.0,EUR,ACH,0
2024/01/20 21:58,BNP,3458,Wells,1778,2101.44,USD,2101.44,USD,Wire,0
2024/02/02 06:32,HSBC,3494,Deutsche,8002,2312.11,USD,2312.11,USD,Cash,1
2024/01/10 02:05,Chase,2263,Barclays,8456,6694.23,USD,6694.23,USD,Cheque,0
2024/03/18 03:48,HSBC,8240,UBS,2686,5858.58,USD,5858.58,USD,Wire,0
2024/02/21 23:55,UBS,4514,BNP,7888,970.15,USD,970.15,USD,Wire,0
2024/02/05 21:57,Deutsche,4300,Wells,2909,1131.99,USD,1131.99,USD,Wire,0
2024/02/28 19:29,Wells,8118,Deutsche,7661,10441.21,USD,10441.21,USD,ACH,0
2024/02/26 05:14,UBS,3075,Chase,2450,1950.47,USD,1950.47,USD,Wire,0
2024/03/10 03:14,BNP,3292,Wells,7790,6640.88,USD,6640.88,USD,Wire,0
2024/03/19 04:00,Wells,5696,Deutsche,3944,3459.64,EUR,3459.64,EUR,ACH,0
2024/01/21 08:20,Chase,3950,HSBC,2448,4814.35,USD,4814.35,USD,ACH,0
2024/03/08 11:53,HSBC,6089,UBS,9150,2581.8,USD,2581.8,USD,Wire,0
2024/03/31 02:59,BNP,9548,Citibank,5312,2696.61,EUR,2696.61,EUR,ACH,0
2024/02/10 14:12,Citibank,1709,HSBC,7866,10900.61,USD,10900.61,USD,Cash,0
2024/03/27 15:41,Citibank,7653,Wells,8638,50.0,USD,50.0,USD,Wire,0
2024/02/20 22:04,HSBC,5849,Citibank,8003,4378.54,USD,4378.54,USD,Cash,1
2024/03/25 09:39,Barclays,5951,Citibank,8334,1993.08,USD,1993.08,USD,Wire,0
2024/02/06 01:13,HSBC,4072,HSBC,8901,7420.34,USD,7420.34,USD,ACH,0
2024/03/23 03:23,Citibank,6505,Deutsche,9228,1988.41,USD,1988.41,USD,Cheque,0
2024/02/29 18:56,UBS,7046,BNP,9786,5209.88,USD,5209.88,USD,Wire,0
2024/01/01 16:23,Citibank,6551,BNP,8142,7592.13,USD,7592.13,USD,ACH,0
2024/01/20 03:23,BNP,1663,UBS,8818,10010.84,USD,10010.84,USD,Wire,0
2024/03/22 09:35,Barclays,6868,UBS,7140,2440.73,GBP,2440.73,GBP,Credit Card,0
2024/02/09 13:04,Citibank,1966,Barclays,8887,5454.04,USD,5454.04,USD,ACH,0
2024/01/26 06:36,HSBC,7812,HSBC,6612,7198.13,USD,7198.13,USD,Wire,0
2024/01/05 02:31,Deutsche,2335,BNP,6537,50.0,EUR,50.0,EUR,Wire,0
2024/02/18 21:16,Wells,1480,Citibank,5946,4132.0,USD,4132.0,USD,Wire,0
2024/02/18 19:40,Barclays,9057,Chase,6356,7018.19,USD,7018.19,USD,Wire,0
2024/02/06 15:31,HSBC,5596,Barclays,7224,5067.44,USD,5067.44,USD,Cheque,0
2024/02/02 17:49,HSBC,5853,Chase,3262,4502.71,USD,4502.71,USD,Bitcoin,0
2024/01/18 12:36,Barclays,1708,Barclays,2337,4712.5,USD,4712.5,USD,ACH,0
2024/01/30 14:32,BNP,5747,UBS,4152,5330.54,USD,5330.54,USD,Credit Card,0
2024/03/14 23:55,UBS,4322,Wells,2623,5227.37,USD,5227.37,USD,ACH,0
2024/01/05 13:25,Chase,9917,BNP,2636,5350.28,EUR,5350.28,EUR,ACH,0
2024/01/28 12:36,Citibank,6940,HSBC,1477,6945.7,USD,6945.7,USD,ACH,0
2024/01/11 06:43,Wells,7453,UBS,8629,7977.43,EUR,7977.43,EUR,Credit Card,0
2024/03/24 10:22,Wells,1012,Citibank,9831,2791.98,USD,2791.98,USD,ACH,0
2024/02/02 09:07,Wells,2023,Deutsche,8002,8938.4,USD,8938.4,USD,Cash,1
2024/01/10 10:43,Deutsche,6944,UBS,5044,7276.18,USD,7276.18,USD,Wire,0
2024/01/13 14:06,Citibank,8909,Deutsche,6102,77.8,GBP,77.8,GBP,Wire,0
2024/03/30 07:19,Chase,9116,BNP,7204,1496.74,USD,1496.74,USD,Wire,0
2024/03/20 18:43,UBS,3559,Deutsche,4724,3545.3,GBP,3545.3,GBP,ACH,0
2024/02/24 11:53,Citibank,3501,Barclays,8005,3744.27,USD,3744.27,USD,Cash,1
2024/01/26 07:23,Citibank,4961,Deutsche,4704,6383.44,GBP,6383.44,GBP,Cash,0
2024/01/18 02:22,UBS,7114,Barclays,6232,6575.22,USD,6575.22,USD,Bitcoin,0
2024/03/20 15:13,Chase,8281,HSBC,9497,6989.65,USD,6989.65,USD,ACH,0
2024/01/08 08:19,HSBC,1960,Wells,3995,4225.04,USD,4225.04,USD,Wire,0
2024/01/27 22:46,Wells,2914,Deutsche,8885,6292.16,USD,6292.16,USD,Credit Card,0
2024/03/17 00:04,HSBC,5809,Chase,4722,4713.51,USD,4713.51,USD,ACH,0
2024/03/19 18:08,Citibank,2234,Barclays,8201,2047.85,USD,2047.85,USD,Credit Card,0
2024/03/13 05:17,Chase,7709,Citibank,9879,6607.98,USD,6607.98,USD,Wire,0
2024/01/15 18:00,Citibank,3655,Citibank,4586,890.47,EUR,890.47,EUR,Wire,0
2024/02/05 08:55,BNP,6319,HSBC,6089,6468.88,USD,6468.88,USD,ACH,0
2024/01/08 02:35,UBS,9729,Wells,3458,2208.19,USD,2208.19,USD,Wire,0
2024/03/13 10:30,Barclays,3198,BNP,9762,7422.46,USD,7422.46,USD,ACH,0
2024/01/23 04:08,Deutsche,5231,Deutsche,7803,10968.08,USD,10968.08,USD,Wire,0
2024/01/25 15:03,UBS,3574,BNP,6446,2578.27,USD,2578.27,USD,Cheque,0
2024/01/26 13:55,Chase,1795,Wells,1938,5610.09,EUR,5610.09,EUR,Wire,0
2024/03/17 09:51,Barclays,9570,UBS,8666,6699.23,USD,6699.23,USD,ACH,0
2024/01/26 21:25,UBS,1688,Deutsche,5246,4819.06,USD,4819.06,USD,Wire,0
2024/01/28 04:53,Deutsche,7203,Chase,8339,7409.94,EUR,7409.94,EUR,Wire,0
2024/03/26 09:33,Deutsche,1279,Deutsche,7391,6169.42,GBP,6169.42,GBP,Wire,0
2024/02/20 07:58,Chase,1872,Chase,2635,3798.11,EUR,3798.11,EUR,Cheque,0
2024/02/21 23:00,Barclays,6994,Barclays,1664,851.72,EUR,851.72,EUR,ACH,0
2024/02/21 02:17,Chase,5845,Barclays,6577,3351.72,USD,3351.72,USD,ACH,0
2024/03/26 01:54,Citibank,8453,Citibank,5686,50.0,USD,50.0,USD,ACH,0
2024/03/22 14:29,Citibank,9371,Barclays,8451,1296.49,USD,1296.49,USD,Wire,0
2024/03/18 20:22,HSBC,3750,Chase,6237,3495.11,USD,3495.11,USD,Wire,0
2024/01/06 12:11,HSBC,1423,Deutsche,7571,7617.5,USD,7617.5,USD,Credit Card,0
2024/03/05 10:27,Barclays,4864,Chase,2470,4063.71,GBP,4063.71,GBP,ACH,0
2024/03/29 22:10,Deutsche,1889,Chase,9822,6739.8,USD,6739.8,USD,Wire,0
2024/03/07 19:20,Deutsche,6490,BNP,6511,3127.88,USD,3127.88,USD,Credit Card,0
2024/02/05 20:43,Wells,3356,Barclays,5310,8374.39,USD,8374.39,USD,Cash,0
2024/03/17 05:33,Citibank,4819,Chase,2431,5489.21,USD,5489.21,USD,Credit Card,0
2024/03/08 03:20,UBS,8344,BNP,9978,7859.91,USD,7859.91,USD,ACH,0
2024/03/07 05:35,UBS,8759,HSBC,3573,1540.95,USD,1540.95,USD,Wire,0
2024/03/28 13:20,Citibank,3338,Chase,8203,50.0,USD,50.0,USD,Credit Card,0
2024/02/25 20:53,UBS,3497,Barclays,4696,10754.49,EUR,10754.49,EUR,Wire,0
2024/03/15 21:41,Wells,6234,BNP,4875,7208.17,USD,7208.17,USD,ACH,0
2024/02/12 18:50,Barclays,4969,UBS,7310,5026.8,USD,5026.8,USD,Wire,0
2024/01/17 05:42,UBS,5603,Wells,4788,1728.02,GBP,1728.02,GBP,ACH,0
2024/02/20 00:40,BNP,1107,Citibank,8003,2988.67,USD,2988.67,USD,Cash,1
2024/03/30 16:24,UBS,1607,BNP,7590,7711.4,USD,7711.4,USD,Wire,0
2024/01/31 14:34,HSBC,4281,Deutsche,8002,6344.15,USD,6344.15,USD,ACH,1
2024/02/27 16:08,UBS,4020,UBS,1554,3970.23,GBP,3970.23,GBP,Credit Card,0
2024/03/09 09:14,Barclays,8473,HSBC,5419,5217.72,USD,5217.72,USD,Wire,0
2024/03/16 18:13,Citibank,6524,Deutsche,4089,7630.49,USD,7630.49,USD,ACH,0
2024/03/10 00:22,Barclays,2232,UBS,4432,5807.56,USD,5807.56,USD,ACH,0
2024/01/27 11:49,BNP,7715,Deutsche,5841,5412.87,USD,5412.87,USD,ACH,0
2024/03/28 15:29,Citibank,7287,Wells,5660,11695.36,USD,11695.36,USD,ACH,0
2024/02/04 14:12,Wells,1480,Deutsche,9514,7605.42,USD,7605.42,USD,Wire,0
2024/02/29 11:06,UBS,4710,UBS,9459,3199.98,USD,3199.98,USD,ACH,0
2024/03/03 01:11,UBS,5882,BNP,8821,8331.17,EUR,8331.17,EUR,Wire,0
2024/02/29 09:27,BNP,7412,Wells,2180,4298.36,EUR,4298.36,EUR,ACH,0
2024/02/06 16:27,BNP,5275,BNP,2988,8597.51,EUR,8597.51,EUR,Credit Card,0
2024/02/15 00:33,BNP,6577,BNP,7442,5760.19,USD,5760.19,USD,ACH,0
2024/02/09 17:40,Barclays,5406,Chase,8055,4808.04,USD,4808.04,USD,ACH,0
2024/02/18 16:08,Deutsche,4753,Barclays,6826,8433.78,GBP,8433.78,GBP,ACH,0
2024/02/29 10:33,UBS,3708,HSBC,9858,7754.44,USD,7754.44,USD,Wire,0
2024/02/14 15:16,UBS,4030,UBS,7551,3587.38,USD,3587.38,USD,Cheque,0
2024/02/26 20:42,UBS,5714,Citibank,4905,3968.81,USD,3968.81,USD,ACH,0
2024/03/19 07:28,Chase,5076,Wells,2506,5609.5,EUR,5609.5,EUR,Wire,0
2024/03/17 11:34,HSBC,3371,Barclays,8366,5037.04,EUR,5037.04,EUR,ACH,0
2024/03/02 05:30,Chase,3279,Wells,3009,4006.85,USD,4006.85,USD,Credit Card,0
2024/01/22 21:42,Wells,4981,Chase,6661,5438.39,EUR,5438.39,EUR,Credit Card,0
2024/01/16 01:14,Chase,4890,Deutsche,2282,4771.4,USD,4771.4,USD,Wire,0
2024/02/23 16:20,HSBC,9002,Barclays,6101,9988.17,USD,9988.17,USD,Credit Card,1
2024/02/20 06:57,Deutsche,2377,Barclays,7460,5616.07,USD,5616.07,USD,Wire,0
2024/02/26 18:35,Wells,5804,Barclays,8005,8326.81,USD,8326.81,USD,ACH,1
2024/01/27 17:19,HSBC,9861,Deutsche,7109,9278.98,USD,9278.98,USD,Credit Card,0
2024/01/10 13:51,Chase,6877,BNP,3135,3306.48,EUR,3306.48,EUR,Wire,0
2024/02/01 13:12,Barclays,7227,Wells,3252,13988.72,USD,13988.72,USD,Wire,0
2024/01/11 20:38,UBS,5094,UBS,9793,8236.97,USD,8236.97,USD,ACH,0
2024/01/13 04:05,Citibank,6553,Wells,5085,50.0,USD,50.0,USD,Bitcoin,0
2024/01/07 18:18,Citibank,9010,Barclays,6071,50.0,USD,50.0,USD,ACH,0
2024/02/16 21:37,BNP,4528,Barclays,8009,6138.08,USD,6138.08,USD,Wire,0
2024/03/18 00:41,Wells,4871,HSBC,7149,2018.95,GBP,2018.95,GBP,Wire,0
2024/01/10 04:48,Deutsche,4017,BNP,3050,3975.46,USD,3975.46,USD,Wire,0
2024/02/21 21:46,UBS,2989,Citibank,8003,5905.04,USD,5905.04,USD,Cash,1
2024/02/14 23:42,Deutsche,5672,Deutsche,6455,4715.57,USD,4715.57,USD,Cheque,0
2024/01/26 12:45,Barclays,7083,HSBC,7088,4357.27,USD,4357.27,USD,Credit Card,0
2024/03/30 21:49,Deutsche,7891,BNP,7411,7961.97,USD,7961.97,USD,ACH,0
2024/01/28 19:36,BNP,5845,Chase,5613,4240.31,USD,4240.31,USD,Cheque,0
2024/01/04 13:32,BNP,9421,Citibank,5162,6820.2,USD,6820.2,USD,ACH,0
2024/01/13 05:18,Wells,6109,Barclays,4920,734.81,EUR,734.81,EUR,Credit Card,0
2024/02/18 10:11,Citibank,3168,HSBC,4063,4969.95,USD,4969.95,USD,ACH,0
2024/02/25 11:13,Deutsche,4915,Barclays,8005,8032.94,USD,8032.94,USD,ACH,1
2024/02/03 14:38,Chase,1908,HSBC,5408,1966.99,USD,1966.99,USD,Cheque,0
2024/03/16 17:20,BNP,5760,UBS,4276,7332.07,EUR,7332.07,EUR,Wire,0
2024/02/21 00:03,BNP,1619,BNP,3860,4995.28,GBP,4995.28,GBP,ACH,0
2024/01/11 09:12,Citibank,5369,Barclays,1640,2198.18,USD,2198.18,USD,Wire,0
2024/02/18 02:31,Deutsche,1850,HSBC,1653,4435.26,EUR,4435.26,EUR,Wire,0
2024/01/09 13:27,Wells,3533,UBS,5751,4236.5,USD,4236.5,USD,Credit Card,0
2024/03/24 02:54,Wells,9121,Wells,8643,9615.4,USD,9615.4,USD,ACH,0
2024/01/15 14:43,Barclays,8389,BNP,2690,8866.5,EUR,8866.5,EUR,Wire,0
2024/02/28 11:21,Chase,9001,UBS,4076,13864.03,USD,13864.03,USD,Wire,1
2024/03/25 21:10,Citibank,8561,UBS,5328,3648.68,USD,3648.68,USD,Wire,0
2024/03/25 18:31,UBS,1931,Barclays,5118,4167.99,GBP,4167.99,GBP,Wire,0
2024/03/14 06:44,Citibank,6866,Chase,7843,8565.05,USD,8565.05,USD,Bitcoin,0
2024/01/24 12:38,Barclays,3251,UBS,8638,8474.67,USD,8474.67,USD,Cheque,0
2024/03/30 02:36,Barclays,1408,UBS,8113,10142.94,USD,10142.94,USD,Wire,0
2024/02/29 13:36,UBS,6231,HSBC,2148,2549.46,EUR,2549.46,EUR,Cheque,0
2024/02/18 09:37,Deutsche,6351,Citibank,6793,5965.37,USD,5965.37,USD,Cash,0
2024/02/23 14:24,Barclays,1515,Citibank,9155,6176.19,USD,6176.19,USD,Cheque,0
2024/02/17 20:23,BNP,7468,BNP,7125,8232.44,USD,8232.44,USD,Cheque,0
2024/02/20 03:43,Citibank,8040,UBS,7296,4873.74,EUR,4873.74,EUR,Wire,0
2024/01/31 21:24,Barclays,3799,HSBC,1169,9506.35,EUR,9506.35,EUR,Cheque,0
2024/03/23 18:11,Deutsche,1022,Chase,1440,10345.69,USD,10345.69,USD,Wire,0
2024/01/08 01:54,Barclays,2887,Barclays,7730,50.0,EUR,50.0,EUR,ACH,0
2024/03/04 18:42,HSBC,2248,Citibank,2167,5006.45,GBP,5006.45,GBP,ACH,0
2024/03/01 01:19,Citibank,8292,Deutsche,2938,5438.71,USD,5438.71,USD,Wire,0
2024/02/13 10:51,Deutsche,5241,HSBC,7293,2910.02,EUR,2910.02,EUR,Cheque,0
2024/03/30 14:16,Chase,3209,Chase,8655,7022.07,GBP,7022.07,GBP,Wire,0
2024/02/20 01:05,Barclays,3508,Citibank,8003,9189.19,USD,9189.19,USD,ACH,1
2024/03/30 08:59,Citibank,2612,HSBC,3050,8031.57,USD,8031.57,USD,ACH,0
2024/02/19 01:02,BNP,6776,HSBC,1737,1824.09,EUR,1824.09,EUR,Wire,0
2024/03/20 13:31,Wells,7776,Citibank,3120,3044.27,USD,3044.27,USD,Cheque,0
2024/01/14 22:31,UBS,7789,HSBC,6240,7650.2,EUR,7650.2,EUR,ACH,0
2024/03/11 19:29,Citibank,6274,BNP,2586,5723.42,USD,5723.42,USD,Cheque,0
2024/01/04 16:13,Chase,4931,HSBC,3011,9462.47,USD,9462.47,USD,ACH,0
2024/02/25 13:40,Wells,6615,Barclays,8005,3030.56,USD,3030.56,USD,ACH,1
2024/01/03 02:32,Citibank,2395,Barclays,6723,4804.52,USD,4804.52,USD,ACH,0
2024/03/18 05:15,Chase,7015,BNP,7011,41363.24,USD,41363.24,USD,Wire,1
2024/03/10 03:51,Deutsche,7421,BNP,5441,3059.72,USD,3059.72,USD,Credit Card,0
2024/02/19 01:41,Wells,7340,Wells,8100,6833.18,EUR,6833.18,EUR,Cash,0
2024/03/21 03:28,Deutsche,9766,Wells,4697,4723.87,EUR,4723.87,EUR,Bitcoin,0
2024/03/01 04:31,UBS,5304,Barclays,8001,7708.55,USD,7708.55,USD,Cash,1
2024/02/10 07:00,UBS,9350,Citibank,4790,7341.62,USD,7341.62,USD,ACH,0
2024/02/05 00:36,HSBC,4504,Barclays,2972,10686.15,USD,10686.15,USD,Wire,0
2024/01/11 16:09,Citibank,3385,Barclays,6221,3014.83,USD,3014.83,USD,Wire,0
2024/03/25 21:28,Chase,3249,Deutsche,7942,1741.04,USD,1741.04,USD,Wire,0
2024/03/21 22:59,Chase,2329,Wells,4008,4377.72,USD,4377.72,USD,ACH,0
2024/02/16 23:56,BNP,4927,Citibank,3030,9928.54,USD,9928.54,USD,Cheque,0
2024/01/22 01:06,Barclays,3683,Wells,3126,50.0,USD,50.0,USD,Cheque,0
2024/02/18 15:33,BNP,5296,UBS,7333,8510.2,GBP,8510.2,GBP,Wire,0
2024/01/04 15:54,Deutsche,8695,Wells,2756,4896.03,USD,4896.03,USD,Wire,0
2024/01/17 14:34,Wells,6497,UBS,4933,993.63,USD,993.63,USD,ACH,0
2024/02/21 03:46,Wells,4112,Deutsche,1529,3121.76,EUR,3121.76,EUR,ACH,0
2024/03/30 14:42,Barclays,6396,Deutsche,3148,6285.45,GBP,6285.45,GBP,Wire,0
2024/01/14 00:49,Citibank,5481,Citibank,9264,7930.89,USD,7930.89,USD,Cheque,0
2024/03/06 15:59,BNP,2381,HSBC,9654,1010.33,USD,1010.33,USD,ACH,0
2024/01/08 19:47,Citibank,5609,Deutsche,3468,7009.47,USD,7009.47,USD,ACH,0
2024/02/11 09:58,BNP,9911,Chase,5601,537.59,EUR,537.59,EUR,Wire,0
2024/02/19 13:07,Citibank,5421,Barclays,7327,7292.32,GBP,7292.32,GBP,Wire,0
2024/03/27 03:18,BNP,7016,Citibank,5120,6662.48,USD,6662.48,USD,Wire,0
2024/03/29 02:40,HSBC,6294,HSBC,3229,10444.03,USD,10444.03,USD,Wire,0
2024/03/16 06:52,HSBC,8950,Deutsche,4303,2263.76,USD,2263.76,USD,ACH,0
2024/02/29 17:56,Barclays,3255,Chase,1917,4713.96,USD,4713.96,USD,Cheque,0
2024/01/12 15:04,Deutsche,8646,UBS,1720,7603.94,USD,7603.94,USD,Cash,0
2024/02/24 22:14,Wells,9700,BNP,4655,9883.56,EUR,9883.56,EUR,ACH,0
2024/03/24 07:16,Citibank,4831,Barclays,5878,5974.04,USD,5974.04,USD,ACH,0
2024/03/09 15:18,UBS,9387,Barclays,3640,10282.71,GBP,10282.71,GBP,Wire,0
2024/01/29 16:26,BNP,4514,HSBC,5999,7435.28,USD,7435.28,USD,Wire,0
2024/02/01 16:05,BNP,8773,UBS,5606,5031.73,USD,5031.73,USD,Wire,0
2024/03/19 07:00,UBS,5760,BNP,4787,2267.28,USD,2267.28,USD,Credit Card,0
2024/02/02 20:49,Chase,6212,UBS,8678,636.12,GBP,636.12,GBP,Wire,0
2024/03/24 07:56,Citibank,1732,Deutsche,5330,5523.84,USD,5523.84,USD,Cheque,0
2024/02/11 01:04,Citibank,7017,Wells,8999,5970.42,EUR,5970.42,EUR,Wire,0
2024/03/27 17:40,UBS,8395,BNP,5756,8659.89,USD,8659.89,USD,Wire,0
2024/02/15 04:32,Wells,1375,UBS,1480,5233.88,USD,5233.88,USD,Wire,0
2024/01/21 18:30,BNP,4478,Deutsche,2063,6475.79,USD,6475.79,USD,Wire,0
2024/02/08 02:20,UBS,9286,Citibank,5971,9455.47,USD,9455.47,USD,Wire,0
2024/03/01 09:20,Barclays,9809,Citibank,4348,8887.86,USD,8887.86,USD,Wire,0
2024/03/04 16:23,Citibank,7101,Chase,7559,4593.42,EUR,4593.42,EUR,Wire,0
2024/03/05 09:55,Barclays,4187,HSBC,4937,4579.15,USD,4579.15,USD,ACH,0
2024/02/26 09:20,Deutsche,6695,UBS,3405,5267.04,USD,5267.04,USD,ACH,0
2024/03/19 15:15,Citibank,6985,Citibank,3718,3529.41,EUR,3529.41,EUR,Cash,0
2024/01/20 02:35,Citibank,5575,Wells,4556,2317.18,GBP,2317.18,GBP,ACH,0
2024/01/07 03:27,Chase,1072,UBS,3452,5437.62,USD,5437.62,USD,ACH,0
2024/02/08 11:14,Barclays,2918,UBS,6903,7230.82,EUR,7230.82,EUR,Cheque,0
2024/03/22 05:10,UBS,6071,BNP,3456,4966.13,USD,4966.13,USD,Cheque,0
2024/01/22 19:01,Barclays,6966,BNP,5763,5502.95,USD,5502.95,USD,Cheque,0
2024/01/14 23:17,HSBC,8290,HSBC,5565,8915.03,EUR,8915.03,EUR,ACH,0
